[{"model": "contenttypes.contenttype", "pk": 1, "fields": {"app_label": "admin", "model": "logentry"}}, {"model": "contenttypes.contenttype", "pk": 2, "fields": {"app_label": "auth", "model": "group"}}, {"model": "contenttypes.contenttype", "pk": 3, "fields": {"app_label": "auth", "model": "user"}}, {"model": "contenttypes.contenttype", "pk": 4, "fields": {"app_label": "auth", "model": "permission"}}, {"model": "contenttypes.contenttype", "pk": 5, "fields": {"app_label": "contenttypes", "model": "contenttype"}}, {"model": "contenttypes.contenttype", "pk": 6, "fields": {"app_label": "sessions", "model": "session"}}, {"model": "contenttypes.contenttype", "pk": 7, "fields": {"app_label": "posts", "model": "notice"}}, {"model": "contenttypes.contenttype", "pk": 8, "fields": {"app_label": "posts", "model": "slogan"}}, {"model": "contenttypes.contenttype", "pk": 9, "fields": {"app_label": "posts", "model": "video"}}, {"model": "contenttypes.contenttype", "pk": 10, "fields": {"app_label": "posts", "model": "mock"}}, {"model": "contenttypes.contenttype", "pk": 11, "fields": {"app_label": "posts", "model": "exam"}}, {"model": "contenttypes.contenttype", "pk": 12, "fields": {"app_label": "posts", "model": "news"}}, {"model": "contenttypes.contenttype", "pk": 13, "fields": {"app_label": "posts", "model": "testimonial"}}, {"model": "contenttypes.contenttype", "pk": 14, "fields": {"app_label": "posts", "model": "course"}}, {"model": "contenttypes.contenttype", "pk": 15, "fields": {"app_label": "posts", "model": "coursecategory"}}, {"model": "contenttypes.contenttype", "pk": 16, "fields": {"app_label": "posts", "model": "stream"}}, {"model": "contenttypes.contenttype", "pk": 17, "fields": {"app_label": "django_summernote", "model": "attachment"}}, {"model": "contenttypes.contenttype", "pk": 18, "fields": {"app_label": "posts", "model": "result"}}, {"model": "contenttypes.contenttype", "pk": 19, "fields": {"app_label": "posts", "model": "topscorer"}}, {"model": "contenttypes.contenttype", "pk": 20, "fields": {"app_label": "posts", "model": "document"}}, {"model": "contenttypes.contenttype", "pk": 21, "fields": {"app_label": "posts", "model": "contact"}}, {"model": "contenttypes.contenttype", "pk": 22, "fields": {"app_label": "posts", "model": "division"}}, {"model": "contenttypes.contenttype", "pk": 23, "fields": {"app_label": "posts", "model": "center"}}, {"model": "contenttypes.contenttype", "pk": 25, "fields": {"app_label": "posts", "model": "siteconfiguration"}}, {"model": "contenttypes.contenttype", "pk": 27, "fields": {"app_label": "posts", "model": "coursedetail"}}, {"model": "sessions.session", "pk": "cinnk98zuhzvfpjyy7blmriif9a4nlgi", "fields": {"session_data": "NzllOTAzZGQ3OWYxYTkwYTBmZTM2YTkxNjFhMjkyM2Q1NjJlOThiYTp7Il9hdXRoX3VzZXJfaWQiOiIxIiwiX2F1dGhfdXNlcl9iYWNrZW5kIjoiZGphbmdvLmNvbnRyaWIuYXV0aC5iYWNrZW5kcy5Nb2RlbEJhY2tlbmQiLCJfYXV0aF91c2VyX2hhc2giOiI5NGE0MjIxMmU1ZjFiZjRkYWJiODZhMWViMGQxNzdmNmY5YTFkOGI0In0=", "expire_date": "2017-03-18T06:01:37.197Z"}}, {"model": "sessions.session", "pk": "po92obcktuyupdspdkykmg9rfvj0gmks", "fields": {"session_data": "NzllOTAzZGQ3OWYxYTkwYTBmZTM2YTkxNjFhMjkyM2Q1NjJlOThiYTp7Il9hdXRoX3VzZXJfaWQiOiIxIiwiX2F1dGhfdXNlcl9iYWNrZW5kIjoiZGphbmdvLmNvbnRyaWIuYXV0aC5iYWNrZW5kcy5Nb2RlbEJhY2tlbmQiLCJfYXV0aF91c2VyX2hhc2giOiI5NGE0MjIxMmU1ZjFiZjRkYWJiODZhMWViMGQxNzdmNmY5YTFkOGI0In0=", "expire_date": "2017-04-01T09:20:57.135Z"}}, {"model": "sessions.session", "pk": "tey625qxg5fmml0ql1x9vg4dqg75phz3", "fields": {"session_data": "NzllOTAzZGQ3OWYxYTkwYTBmZTM2YTkxNjFhMjkyM2Q1NjJlOThiYTp7Il9hdXRoX3VzZXJfaWQiOiIxIiwiX2F1dGhfdXNlcl9iYWNrZW5kIjoiZGphbmdvLmNvbnRyaWIuYXV0aC5iYWNrZW5kcy5Nb2RlbEJhY2tlbmQiLCJfYXV0aF91c2VyX2hhc2giOiI5NGE0MjIxMmU1ZjFiZjRkYWJiODZhMWViMGQxNzdmNmY5YTFkOGI0In0=", "expire_date": "2017-03-06T05:03:35.854Z"}}, {"model": "posts.siteconfiguration", "pk": 1, "fields": {"support_email": "support@tandemglobal.com", "phone": "+91 484-3040175 | 23677777", "address": "2ND FLOOR, STR COMPLEX, VEEKSHANAM ROAD,  OPP. INTERNATIONAL HOTEL,  ERNAKULAM 682035.", "slider_title_line1": "MOST", "slider_title_line2": "TRUSTED", "slider_subtitle": "EDUCATION BRAND OF KERALA", "slider_years": "23", "slider_years_caption": "TRUSTED YEARS", "slider_background": "slider/slider1.jpg", "twitter_url": "", "facebook_url": "", "google_url": "", "linkedin_url": "", "youtube_channel_url": "", "training_methodology": "Lorem Ipsum is simply dummy text of the printing and typesetting industry. Lorem Ipsum has been the industry's standard dummy text ever since the 1500s, when an unknown printer took a galley of type and scrambled it to make a type specimen book. It has survived not only five centuries, but also the leap into electronic typesetting, remaining essentially unchanged. It was popularised in the 1960s with the release of Letraset sheets containing Lorem Ipsum passages, and more recently with desktop publishing software like Aldus PageMaker including versions of Lorem Ipsum.\r\n\r\nLorem Ipsum is simply dummy text of the printing and typesetting industry. Lorem Ipsum has been the industry's standard dummy text ever since the 1500s, when an unknown printer took a galley of type and scrambled it to make a type specimen book. It has survived not only five centuries, but also the leap into electronic typesetting, remaining essentially unchanged.", "boards_message": "Lorem Ipsum is simply dummy text of the printing and typesetting industry. Lorem Ipsum has been the industry's standard dummy text ever since the 1500s, when an unknown printer took a galley of type and scrambled it to make a type specimen book. It has survived not only five centuries, but also the leap into electronic typesetting, remaining essentially unchanged. It was popularised in the 1960s with the release of Letraset sheets containing Lorem Ipsum passages, and more recently with desktop publishing software like Aldus PageMaker including versions of Lorem Ipsum.\r\n\r\nLorem Ipsum is simply dummy text of the printing and typesetting industry. Lorem Ipsum has been the industry's standard dummy text ever since the 1500s, when an unknown printer took a galley of type and scrambled it to make a type specimen book. It has survived not only five centuries, but also the leap into electronic typesetting, remaining essentially unchanged.", "boards_photo": "methodology/side-add.jpg", "methodology_image": "methodology/notice.jpg", "aboutus_text": "Lorem Ipsum is simply dummy text of the printing and typesetting industry. Lorem Ipsum has been the industry's standard dummy text ever since the 1500s, when an unknown printer took a galley of type and scrambled it to make a type specimen book. It has survived not only five centuries, but also the leap into electronic typesetting, remaining essentially unchanged. It was popularised in the 1960s with the release of Letraset sheets containing Lorem Ipsum passages, and more recently with desktop publishing software like Aldus PageMaker including versions of Lorem Ipsum.\r\n\r\nLorem Ipsum is simply dummy text of the printing and typesetting industry. Lorem Ipsum has been the industry's standard dummy text ever since the 1500s, when an unknown printer took a galley of type and scrambled it to make a type specimen book. It has survived not only five centuries, but also the leap into electronic typesetting, remaining essentially unchanged.\r\n\r\nLorem Ipsum is simply dummy text of the printing and typesetting industry. Lorem Ipsum has been the industry's standard dummy text ever since the 1500s, when an unknown printer took a galley of type and scrambled it to make a type specimen book. It has survived not only five centuries, but also the leap into electronic typesetting, remaining essentially unchanged. It was popularised in the 1960s with the release of Letraset sheets containing Lorem Ipsum passages, and more recently with desktop publishing software like Aldus PageMaker including versions of Lorem Ipsum.\r\n\r\nLorem Ipsum is simply dummy text of the printing and typesetting industry. Lorem Ipsum has been the industry's standard dummy text ever since the 1500s, when an unknown printer took a galley of type and scrambled it to make a type specimen book. It has survived not only five centuries, but also the leap into electronic typesetting, remaining essentially unchanged.", "about_tandem_image": "about/class-255620_640.jpg", "partner_text": "Lorem Ipsum is simply dummy text of the printing and typesetting industry. Lorem Ipsum has been the industry's standard dummy text ever since the 1500s, when an unknown printer took a galley of type and scrambled it to make a type specimen book. It has survived not only five centuries, but also the leap into electronic typesetting, remaining essentially unchanged. It was popularised in the 1960s with the release of Letraset sheets containing Lorem Ipsum passages, and more recently with desktop publishing software like Aldus PageMaker including versions of Lorem Ipsum.\r\n\r\nLorem Ipsum is simply dummy text of the printing and typesetting industry.and more recently with desktop publishing software like Aldus PageMaker including versions of Lorem Ipsum.", "company_info": "Lorem Ipsum is simply dummy text of the printing and typesetting industry. Lorem Ipsum has been the industry's standard dummy text ever since the 1500s, when an unknown printer took a galley of type and scrambled it to make a type specimen book. It has survived not only five centuries, but also the leap into electronic typesetting, remaining essentially unchanged. It was popularised in the 1960s with the release of Letraset sheets containing Lorem Ipsum passages, and more recently with desktop publishing software like Aldus PageMaker including versions of Lorem Ipsum.\r\n\r\nLorem Ipsum is simply dummy text of the printing and typesetting industry. Lorem Ipsum has been the industry's standard dummy text ever since the 1500s, when an unknown printer took a galley of type and scrambled it to make a type specimen book. It has survived not only five centuries, but also the leap into electronic typesetting, remaining essentially unchanged.", "company_info_footer": "Lorem Ipsum is simply dummy text of the printing and typesetting industry. Lorem Ipsum has been the industry's standard dummy text ever since the 1500s, when an unknown printer took a galley of type and scrambled it to make a type specimen book. It has survived not only five centuries, but also the leap into electronic typesetting, remaining essentially unchanged. It was popularised in the 1960s with the release of Letraset sheets containing Lorem Ipsum passages, and more recently with desktop publishing software like Aldus PageMaker including versions of Lorem Ipsum.", "company_logo": "logo/eduexcel-logo.png", "popup_enabled": true, "popup_title": "Attention", "popup_text": "Lorem Ipsum is simply dummy text of the printing and typesetting industry. Lorem Ipsum has been the industry's standard dummy text ever since the 1500s, when an unknown printer took a galley of type and scrambled it to make a type specimen book. It has survived not only five centuries, but also the leap into electronic typesetting, remaining essentially unchanged. It was popularised in the 1960s with the release of Letraset sheets containing Lorem Ipsum passages, and more recently with desktop publishing software like Aldus PageMaker including versions of Lorem Ipsum.", "popup_image": "home/popup_GtyITZU.png"}}, {"model": "django_summernote.attachment", "pk": 1, "fields": {"name": "drought.jpeg", "file": "django-summernote/2017-03-03/511524a4-3656-4fe5-93a8-46b6a656fbe1.jpeg", "uploaded": "2017-03-03T10:12:35.707Z"}}, {"model": "django_summernote.attachment", "pk": 2, "fields": {"name": "pakistan-monsoon-death-toll-tops-100-1410019708-4448.jpg", "file": "django-summernote/2017-03-03/490442ba-4b3a-4169-be39-287e591591a3.jpg", "uploaded": "2017-03-03T10:13:03.201Z"}}, {"model": "django_summernote.attachment", "pk": 3, "fields": {"name": "drought.jpeg", "file": "django-summernote/2017-03-03/ae6a6103-966b-42de-9fb0-1ce1557b59e9.jpeg", "uploaded": "2017-03-03T10:13:12.887Z"}}, {"model": "auth.permission", "pk": 1, "fields": {"name": "Can add log entry", "content_type": 1, "codename": "add_logentry"}}, {"model": "auth.permission", "pk": 2, "fields": {"name": "Can change log entry", "content_type": 1, "codename": "change_logentry"}}, {"model": "auth.permission", "pk": 3, "fields": {"name": "Can delete log entry", "content_type": 1, "codename": "delete_logentry"}}, {"model": "auth.permission", "pk": 4, "fields": {"name": "Can add group", "content_type": 2, "codename": "add_group"}}, {"model": "auth.permission", "pk": 5, "fields": {"name": "Can change group", "content_type": 2, "codename": "change_group"}}, {"model": "auth.permission", "pk": 6, "fields": {"name": "Can delete group", "content_type": 2, "codename": "delete_group"}}, {"model": "auth.permission", "pk": 7, "fields": {"name": "Can add user", "content_type": 3, "codename": "add_user"}}, {"model": "auth.permission", "pk": 8, "fields": {"name": "Can change user", "content_type": 3, "codename": "change_user"}}, {"model": "auth.permission", "pk": 9, "fields": {"name": "Can delete user", "content_type": 3, "codename": "delete_user"}}, {"model": "auth.permission", "pk": 10, "fields": {"name": "Can add permission", "content_type": 4, "codename": "add_permission"}}, {"model": "auth.permission", "pk": 11, "fields": {"name": "Can change permission", "content_type": 4, "codename": "change_permission"}}, {"model": "auth.permission", "pk": 12, "fields": {"name": "Can delete permission", "content_type": 4, "codename": "delete_permission"}}, {"model": "auth.permission", "pk": 13, "fields": {"name": "Can add content type", "content_type": 5, "codename": "add_contenttype"}}, {"model": "auth.permission", "pk": 14, "fields": {"name": "Can change content type", "content_type": 5, "codename": "change_contenttype"}}, {"model": "auth.permission", "pk": 15, "fields": {"name": "Can delete content type", "content_type": 5, "codename": "delete_contenttype"}}, {"model": "auth.permission", "pk": 16, "fields": {"name": "Can add session", "content_type": 6, "codename": "add_session"}}, {"model": "auth.permission", "pk": 17, "fields": {"name": "Can change session", "content_type": 6, "codename": "change_session"}}, {"model": "auth.permission", "pk": 18, "fields": {"name": "Can delete session", "content_type": 6, "codename": "delete_session"}}, {"model": "auth.permission", "pk": 19, "fields": {"name": "Can add notice", "content_type": 7, "codename": "add_notice"}}, {"model": "auth.permission", "pk": 20, "fields": {"name": "Can change notice", "content_type": 7, "codename": "change_notice"}}, {"model": "auth.permission", "pk": 21, "fields": {"name": "Can delete notice", "content_type": 7, "codename": "delete_notice"}}, {"model": "auth.permission", "pk": 22, "fields": {"name": "Can add slogan", "content_type": 8, "codename": "add_slogan"}}, {"model": "auth.permission", "pk": 23, "fields": {"name": "Can change slogan", "content_type": 8, "codename": "change_slogan"}}, {"model": "auth.permission", "pk": 24, "fields": {"name": "Can delete slogan", "content_type": 8, "codename": "delete_slogan"}}, {"model": "auth.permission", "pk": 25, "fields": {"name": "Can add video", "content_type": 9, "codename": "add_video"}}, {"model": "auth.permission", "pk": 26, "fields": {"name": "Can change video", "content_type": 9, "codename": "change_video"}}, {"model": "auth.permission", "pk": 27, "fields": {"name": "Can delete video", "content_type": 9, "codename": "delete_video"}}, {"model": "auth.permission", "pk": 28, "fields": {"name": "Can add mock", "content_type": 10, "codename": "add_mock"}}, {"model": "auth.permission", "pk": 29, "fields": {"name": "Can change mock", "content_type": 10, "codename": "change_mock"}}, {"model": "auth.permission", "pk": 30, "fields": {"name": "Can delete mock", "content_type": 10, "codename": "delete_mock"}}, {"model": "auth.permission", "pk": 31, "fields": {"name": "Can add exam", "content_type": 11, "codename": "add_exam"}}, {"model": "auth.permission", "pk": 32, "fields": {"name": "Can change exam", "content_type": 11, "codename": "change_exam"}}, {"model": "auth.permission", "pk": 33, "fields": {"name": "Can delete exam", "content_type": 11, "codename": "delete_exam"}}, {"model": "auth.permission", "pk": 34, "fields": {"name": "Can add news", "content_type": 12, "codename": "add_news"}}, {"model": "auth.permission", "pk": 35, "fields": {"name": "Can change news", "content_type": 12, "codename": "change_news"}}, {"model": "auth.permission", "pk": 36, "fields": {"name": "Can delete news", "content_type": 12, "codename": "delete_news"}}, {"model": "auth.permission", "pk": 37, "fields": {"name": "Can add testimonial", "content_type": 13, "codename": "add_testimonial"}}, {"model": "auth.permission", "pk": 38, "fields": {"name": "Can change testimonial", "content_type": 13, "codename": "change_testimonial"}}, {"model": "auth.permission", "pk": 39, "fields": {"name": "Can delete testimonial", "content_type": 13, "codename": "delete_testimonial"}}, {"model": "auth.permission", "pk": 40, "fields": {"name": "Can add course category", "content_type": 15, "codename": "add_coursecategory"}}, {"model": "auth.permission", "pk": 41, "fields": {"name": "Can change course category", "content_type": 15, "codename": "change_coursecategory"}}, {"model": "auth.permission", "pk": 42, "fields": {"name": "Can delete course category", "content_type": 15, "codename": "delete_coursecategory"}}, {"model": "auth.permission", "pk": 43, "fields": {"name": "Can add course", "content_type": 14, "codename": "add_course"}}, {"model": "auth.permission", "pk": 44, "fields": {"name": "Can change course", "content_type": 14, "codename": "change_course"}}, {"model": "auth.permission", "pk": 45, "fields": {"name": "Can delete course", "content_type": 14, "codename": "delete_course"}}, {"model": "auth.permission", "pk": 46, "fields": {"name": "Can add stream", "content_type": 16, "codename": "add_stream"}}, {"model": "auth.permission", "pk": 47, "fields": {"name": "Can change stream", "content_type": 16, "codename": "change_stream"}}, {"model": "auth.permission", "pk": 48, "fields": {"name": "Can delete stream", "content_type": 16, "codename": "delete_stream"}}, {"model": "auth.permission", "pk": 49, "fields": {"name": "Can add attachment", "content_type": 17, "codename": "add_attachment"}}, {"model": "auth.permission", "pk": 50, "fields": {"name": "Can change attachment", "content_type": 17, "codename": "change_attachment"}}, {"model": "auth.permission", "pk": 51, "fields": {"name": "Can delete attachment", "content_type": 17, "codename": "delete_attachment"}}, {"model": "auth.permission", "pk": 52, "fields": {"name": "Can add result", "content_type": 18, "codename": "add_result"}}, {"model": "auth.permission", "pk": 53, "fields": {"name": "Can change result", "content_type": 18, "codename": "change_result"}}, {"model": "auth.permission", "pk": 54, "fields": {"name": "Can delete result", "content_type": 18, "codename": "delete_result"}}, {"model": "auth.permission", "pk": 55, "fields": {"name": "Can add top scorer", "content_type": 19, "codename": "add_topscorer"}}, {"model": "auth.permission", "pk": 56, "fields": {"name": "Can change top scorer", "content_type": 19, "codename": "change_topscorer"}}, {"model": "auth.permission", "pk": 57, "fields": {"name": "Can delete top scorer", "content_type": 19, "codename": "delete_topscorer"}}, {"model": "auth.permission", "pk": 58, "fields": {"name": "Can add document", "content_type": 20, "codename": "add_document"}}, {"model": "auth.permission", "pk": 59, "fields": {"name": "Can change document", "content_type": 20, "codename": "change_document"}}, {"model": "auth.permission", "pk": 60, "fields": {"name": "Can delete document", "content_type": 20, "codename": "delete_document"}}, {"model": "auth.permission", "pk": 61, "fields": {"name": "Can add contact", "content_type": 21, "codename": "add_contact"}}, {"model": "auth.permission", "pk": 62, "fields": {"name": "Can change contact", "content_type": 21, "codename": "change_contact"}}, {"model": "auth.permission", "pk": 63, "fields": {"name": "Can delete contact", "content_type": 21, "codename": "delete_contact"}}, {"model": "auth.permission", "pk": 64, "fields": {"name": "Can add division", "content_type": 22, "codename": "add_division"}}, {"model": "auth.permission", "pk": 65, "fields": {"name": "Can change division", "content_type": 22, "codename": "change_division"}}, {"model": "auth.permission", "pk": 66, "fields": {"name": "Can delete division", "content_type": 22, "codename": "delete_division"}}, {"model": "auth.permission", "pk": 67, "fields": {"name": "Can add center", "content_type": 23, "codename": "add_center"}}, {"model": "auth.permission", "pk": 68, "fields": {"name": "Can change center", "content_type": 23, "codename": "change_center"}}, {"model": "auth.permission", "pk": 69, "fields": {"name": "Can delete center", "content_type": 23, "codename": "delete_center"}}, {"model": "auth.permission", "pk": 70, "fields": {"name": "Can add Site Configuration", "content_type": 25, "codename": "add_siteconfiguration"}}, {"model": "auth.permission", "pk": 71, "fields": {"name": "Can change Site Configuration", "content_type": 25, "codename": "change_siteconfiguration"}}, {"model": "auth.permission", "pk": 72, "fields": {"name": "Can delete Site Configuration", "content_type": 25, "codename": "delete_siteconfiguration"}}, {"model": "auth.permission", "pk": 76, "fields": {"name": "Can add course details", "content_type": 27, "codename": "add_coursedetails"}}, {"model": "auth.permission", "pk": 77, "fields": {"name": "Can change course details", "content_type": 27, "codename": "change_coursedetails"}}, {"model": "auth.permission", "pk": 78, "fields": {"name": "Can delete course details", "content_type": 27, "codename": "delete_coursedetails"}}, {"model": "auth.permission", "pk": 79, "fields": {"name": "Can add course detail", "content_type": 27, "codename": "add_coursedetail"}}, {"model": "auth.permission", "pk": 80, "fields": {"name": "Can change course detail", "content_type": 27, "codename": "change_coursedetail"}}, {"model": "auth.permission", "pk": 81, "fields": {"name": "Can delete course detail", "content_type": 27, "codename": "delete_coursedetail"}}, {"model": "auth.user", "pk": 1, "fields": {"password": "pbkdf2_sha256$30000$xbCFlCOSh1o3$daRBV3RHqYX9ZIFmX4tBO8VLIIVf3iJsE0z2lBAydgY=", "last_login": "2017-03-18T09:20:57.133Z", "is_superuser": true, "username": "admin", "first_name": "", "last_name": "", "email": "support@missiorex.com", "is_staff": true, "is_active": true, "date_joined": "2017-02-13T05:22:03.054Z", "groups": [], "user_permissions": []}}, {"model": "posts.document", "pk": 1, "fields": {"author": 1, "title": "BCOM(Taxation) Course Details", "file": "documents/Commerce_Bcom.pdf"}}, {"model": "posts.notice", "pk": 1, "fields": {"author": 1, "notice_id": "home_01", "title": "BCOM / BA 2016-17", "sub_title": "Admission Continues", "text": "Admission Continues for BA / BCOM 2016-17. Contact Tandem Global office for more details. The application form will be published in the website soon.", "youtube_url": "", "photo": "notice/notice1.jpg", "document": 1, "created_date": "2017-02-13T05:23:02Z", "published_date": "2017-02-13T05:27:01Z"}}, {"model": "posts.notice", "pk": 2, "fields": {"author": 1, "notice_id": "home_02", "title": "PSC Coaching", "sub_title": "Only Few seats available", "text": "PSC Coaching at Tandem. Hurry! Get registered today.", "youtube_url": "https://youtu.be/TzcXOrNeu18", "photo": "notice/notice2.jpg", "document": 1, "created_date": "2017-02-13T08:14:44Z", "published_date": "2017-02-13T08:21:00Z"}}, {"model": "posts.notice", "pk": 3, "fields": {"author": 1, "notice_id": "home_03", "title": "JEE/NEET 2017", "sub_title": "Admission Open", "text": "Hurry to enrol for long term and short term batches of JEE/NEET 2017.", "youtube_url": "", "photo": "notice/notice3.jpg", "document": 1, "created_date": "2017-02-13T09:11:09Z", "published_date": "2017-02-13T09:07:51Z"}}, {"model": "posts.slogan", "pk": 1, "fields": {"author": 1, "slogan_id": "slogan01", "title": "Courseware developed by a panel of subject experts", "sub_title": "NA", "text": "NA", "icon": "slogan/icon/Shape_1.png", "created_date": "2017-02-16T10:12:31Z", "published_date": "2017-02-16T11:13:32Z"}}, {"model": "posts.slogan", "pk": 2, "fields": {"author": 1, "slogan_id": "slogan02", "title": "Excellent teaching and mentoring by TANDEM certified teachers", "sub_title": "NA", "text": "NA", "icon": "slogan/icon/teacher-teaching-with-a-stick.png", "created_date": "2017-02-16T11:14:23Z", "published_date": "2017-02-16T11:16:31Z"}}, {"model": "posts.news", "pk": 1, "fields": {"author": 1, "news_id": "news01", "title": "Tandem Launches Crash Course", "sub_title": "Kerala Medical & Engineering Entrance Crash Course commence on April 2017", "text": "Lorem Ipsum is simply dummy text of the printing and typesetting industry. Lorem Ipsum has been the industry's standard dummy text ever since the 1500s, when an unknown printer took a galley of type and scrambled it to make a type specimen book.", "photo": "news/news1.jpg", "youtube_url": "https://www.youtube.com/embed/XN-NKizuto4?ecver=2", "created_date": "2017-02-17T04:12:29Z", "published_date": "2017-02-17T04:31:32Z"}}, {"model": "posts.news", "pk": 2, "fields": {"author": 1, "news_id": "news02", "title": "New facility at Thiruvanathapuram", "sub_title": "More spacious, more facilities", "text": "Lorem Ipsum is simply dummy text of the printing and typesetting industry. Lorem Ipsum has been the industry's standard dummy text ever since the 1500s, when an unknown printer took a galley of type and scrambled it to make a type specimen book.", "photo": "news/news4.jpg", "youtube_url": "", "created_date": "2017-02-17T04:31:37Z", "published_date": "2017-02-17T04:32:41Z"}}, {"model": "posts.news", "pk": 3, "fields": {"author": 1, "news_id": "news03", "title": "Courseware developed by a panel of subject experts", "sub_title": "More spacious, more facilities", "text": "Lorem Ipsum is simply dummy text of the printing and typesetting industry. Lorem Ipsum has been the industry's standard dummy text ever since the 1500s, when an unknown printer took a galley of type and scrambled it to make a type specimen book.", "photo": "news/news_3.jpg", "youtube_url": "https://www.youtube.com/embed/XN-NKizuto4?ecver=2", "created_date": "2017-03-08T10:40:47Z", "published_date": "2017-03-08T10:41:00Z"}}, {"model": "posts.exam", "pk": 1, "fields": {"author": 1, "exam_id": "exam01", "title": "JEE/NEET 2017", "sub_title": "Scheduled on May 2017", "details_text": "Lorem Ipsum is simply dummy text of the printing and typesetting industry. Lorem Ipsum has been the industry's standard dummy text ever since the 1500s, when an unknown printer took a galley of type and scrambled it to make a type specimen book.", "photo": "exam/news_3.jpg", "created_date": "2017-02-17T05:27:23Z", "published_date": "2017-02-17T05:28:24Z"}}, {"model": "posts.exam", "pk": 2, "fields": {"author": 1, "exam_id": "exam02", "title": "PSC Exam for LD Clerk Grade -1", "sub_title": "Scheduled on 24th August 2017", "details_text": "Lorem Ipsum is simply dummy text of the printing and typesetting industry. Lorem Ipsum has been the industry's standard dummy text ever since the 1500s, when an unknown printer took a galley of type and scrambled it to make a type specimen book.", "photo": "exam/news_5.jpg", "created_date": "2017-02-17T05:28:31Z", "published_date": "2017-02-17T05:29:43Z"}}, {"model": "posts.mock", "pk": 1, "fields": {"author": 1, "mock_id": "mock01", "title": "JEE Mock", "sub_title": "JEE 2016-17", "text": "Lorem Ipsum is simply dummy text of the printing and typesetting industry. Lorem Ipsum has been the industry's standard dummy text ever since the 1500s, when an unknown printer took a galley of type and scrambled it to make a type specimen book.", "photo": "mock/news_3.jpg", "question_paper_url": "https://aglasem.com/onlinetests/jee-main/full-length/", "created_date": "2017-03-08T12:10:00Z", "published_date": "2017-03-08T12:11:00Z"}}, {"model": "posts.video", "pk": 1, "fields": {"author": 1, "video_id": "video01", "title": "Time Management", "sub_title": "Madhu Balakrishnan on effective use of time", "youtube_url": "https://www.youtube.com/embed/XN-NKizuto4?ecver=2", "photo": "video/news1.jpg", "created_date": "2017-02-17T05:45:52Z", "published_date": "2017-02-17T05:46:53Z"}}, {"model": "posts.video", "pk": 2, "fields": {"author": 1, "video_id": "video2", "title": "PSC Preparation", "sub_title": "Question & Answers", "youtube_url": "https://www.youtube.com/embed/KWjS-vi0pKA?ecver=2", "photo": "video/news1_TOelemu.jpg", "created_date": "2017-02-17T06:09:03Z", "published_date": "2017-02-17T06:14:35Z"}}, {"model": "posts.stream", "pk": 1, "fields": {"author": 1, "title": "Commerce", "order": 2}}, {"model": "posts.stream", "pk": 2, "fields": {"author": 1, "title": "Science", "order": 1}}, {"model": "posts.stream", "pk": 3, "fields": {"author": 1, "title": "Competitive", "order": 3}}, {"model": "posts.stream", "pk": 5, "fields": {"author": 1, "title": "Networking", "order": 4}}, {"model": "posts.stream", "pk": 6, "fields": {"author": 1, "title": "Home Schooling", "order": 5}}, {"model": "posts.stream", "pk": 7, "fields": {"author": 1, "title": "Faith Formation", "order": 6}}, {"model": "posts.coursecategory", "pk": 1, "fields": {"author": 1, "title": "Undergraduate Courses", "stream": 1}}, {"model": "posts.coursecategory", "pk": 2, "fields": {"author": 1, "title": "Entrance Coaching", "stream": 2}}, {"model": "posts.coursecategory", "pk": 3, "fields": {"author": 1, "title": "Tution", "stream": 2}}, {"model": "posts.coursecategory", "pk": 4, "fields": {"author": 1, "title": "Plus Two / NIOS", "stream": 1}}, {"model": "posts.coursecategory", "pk": 5, "fields": {"author": 1, "title": "Post Graduate Courses", "stream": 1}}, {"model": "posts.coursecategory", "pk": 6, "fields": {"author": 1, "title": "PSC Coaching", "stream": 3}}, {"model": "posts.coursecategory", "pk": 7, "fields": {"author": 1, "title": "Other Competitive Exams", "stream": 3}}, {"model": "posts.coursecategory", "pk": 8, "fields": {"author": 1, "title": "Microsoft", "stream": 5}}, {"model": "posts.coursecategory", "pk": 9, "fields": {"author": 1, "title": "PSC Coaching", "stream": 3}}, {"model": "posts.coursecategory", "pk": 10, "fields": {"author": 1, "title": "Bank Coaching", "stream": 3}}, {"model": "posts.course", "pk": 3, "fields": {"author": 1, "cousre_id": "bcom2017", "title": "BCOM(Taxation)", "featured_course": true, "background": "course/bg/default_course.jpg", "document": null, "created_date": "2017-03-03T04:24:48Z", "published_date": "2017-03-03T04:25:00Z", "category": 1}}, {"model": "posts.course", "pk": 4, "fields": {"author": 1, "cousre_id": "8910tution2017", "title": "Tuition 8/9/10", "featured_course": true, "background": "course/bg/default_course.jpg", "document": 1, "created_date": "2017-03-03T05:38:38Z", "published_date": "2017-03-03T05:40:00Z", "category": 3}}, {"model": "posts.course", "pk": 5, "fields": {"author": 1, "cousre_id": "1112tution2017", "title": "Tuition 11/12", "featured_course": false, "background": "course/bg/default_course.jpg", "document": 1, "created_date": "2017-03-03T05:40:08Z", "published_date": "2017-03-03T05:58:00Z", "category": 3}}, {"model": "posts.course", "pk": 6, "fields": {"author": 1, "cousre_id": "ba_english2017", "title": "BA(English Literature)", "featured_course": true, "background": "course/bg/default_course.jpg", "document": 1, "created_date": "2017-03-03T05:58:24Z", "published_date": "2017-03-03T06:29:00Z", "category": 1}}, {"model": "posts.course", "pk": 7, "fields": {"author": 1, "cousre_id": "jee_adv2017", "title": "JEE Adv", "featured_course": true, "background": "course/bg/default_course.jpg", "document": null, "created_date": "2017-03-03T06:30:58Z", "published_date": "2017-03-03T06:31:00Z", "category": 2}}, {"model": "posts.course", "pk": 8, "fields": {"author": 1, "cousre_id": "neet_2017", "title": "NEET", "featured_course": false, "background": "course/bg/default_course.jpg", "document": 1, "created_date": "2017-03-03T06:33:10Z", "published_date": "2017-03-03T06:33:00Z", "category": 2}}, {"model": "posts.course", "pk": 9, "fields": {"author": 1, "cousre_id": "mba_2017", "title": "MBA/ PG Diploma in Human Resource", "featured_course": false, "background": "course/bg/default_course.jpg", "document": 1, "created_date": "2017-03-03T08:57:45Z", "published_date": "2017-03-03T08:58:00Z", "category": 5}}, {"model": "posts.course", "pk": 10, "fields": {"author": 1, "cousre_id": "net1", "title": "MCSD", "featured_course": false, "background": "course/bg/2.jpg", "document": null, "created_date": "2017-03-16T08:46:04Z", "published_date": "2017-03-16T08:46:00Z", "category": 8}}, {"model": "posts.course", "pk": 11, "fields": {"author": 1, "cousre_id": "test2", "title": "PSC LD Clerk", "featured_course": false, "background": "course/bg/default_course.jpg", "document": null, "created_date": "2017-03-16T08:50:46Z", "published_date": "2017-03-16T08:51:00Z", "category": 6}}, {"model": "posts.course", "pk": 12, "fields": {"author": 1, "cousre_id": "test2", "title": "SBI Entrance", "featured_course": false, "background": "course/bg/default_course.jpg", "document": 1, "created_date": "2017-03-16T08:51:21Z", "published_date": "2017-03-16T08:51:00Z", "category": 10}}, {"model": "posts.coursedetail", "pk": 3, "fields": {"author": 1, "cousre_details_id": "tutition_overview", "title": "Overview", "details_text": "At Tandem, we have developed a unique examination preparatory program for students of classes VIII, IX and X. The program, designed by experts impart all necessary skills to a student that would enable him /her to understand and manage all critical factors that are necessary to score well in school examinations, and come out with flying colours.\r\n\r\nIt is a well-known fact that education plays an important role in shaping the life of an individual and that it is education which equips students with skills which help them think, analyze situations and take appropriate decisions.\r\n\r\nStudents in the age group of 14 to 16 years (of classes VIII, IX and X) are especially receptive. A properly planned delivery of concepts, when clubbed with appropriately calculated and executed activities can bring about a positive change in the way a student approaches subject such as Mathematics and Science.\r\n\r\n\r\nA good grounding in science and mathematics is of great importance, as it helps the students develop logical and analytical thinking skills. These are skills which students will need in future irrespective of the field in which they may want to make a career in. Apart from this in the highly competitive landscape that we are in today, what becomes more important is the relative performance of the student rather than the absolute marks that he scores in a school examination.\r\n\r\n\r\nWe believe that it is the attitude towards a subject that is more important than just scoring marks. At the same time good conceptual understanding of the subject will always reflect in the kind of marks a student scores in an examination.As we have said earlier, in the present day scenario, performing well in the examinations at school is very important, as it not only helps students gain much needed confidence but also helps them secure entry to prestigious institutions and programs.Being strong with the fundamentals is an important factor in scoring well, but there are many other factors which also contribute to a student's success.", "course": 4, "order": 3, "created_date": "2017-03-21T12:07:53Z", "published_date": "2017-03-21T12:07:53Z"}}, {"model": "posts.coursedetail", "pk": 4, "fields": {"author": 1, "cousre_details_id": "tutition_need", "title": "Need for the course", "details_text": "* As the old adage goes, \"nothing succeeds like success.\"\r\n* Many parents feel that the grades that the student scores in their school examinations are the measure of their success.\r\n* Even though this is true to some extent a successful student is much more than that. A successful students exhibit a combination of attitude, behavior and intellectual capacity that contributes to success.\r\n* A successful student is also able to exhibit above characteristics consistently and not just on the examination day.\r\n* Till some years ago the kind of examinations that were conducted in school focused only on how a student performs in tests which are conducted monthly/quarterly/half yearly/annually.\r\n* But, to judge a student's progress there is a need for continuous assessment, which happens on a daily basis , this analysis not only helps the teachers recognise where the student stands but also helps in taking remedial measures.\r\n* So, a successful student not only performs well in the end term examinations but also does well in each class that he attends. Also, it is important that a student develops the right attitude and behavior which will be equally important for his future.\r\n* Excelling in such a system requires more than rote learning of concepts. It is imperative that a student does well in such a system as it would mean that the student not only succeeds in his examinations but will also be a successful student in true sense.", "course": 4, "order": 0, "created_date": "2017-03-21T12:08:30Z", "published_date": "2017-03-21T12:08:30Z"}}, {"model": "posts.coursedetail", "pk": 5, "fields": {"author": 1, "cousre_details_id": "tution_about", "title": "About the Program", "details_text": "This program is specifically designed for students who wish\r\n\t\u2022\tMathematics\r\n\t\u2022\tScience (Physics; Chemistry; Biology)\r\n\t\u2022\tSocial Studies & English (optional).\r\n\t\u2022\tThe program is presently available for the following state/central boards\r\n\t\u2022\tCBSE\r\n\t\u2022\tKerala State Board\r\n\t\u2022\tThe program covers the school curriculum of Mathematics, Science, Social Studies (optional), for the students of classes VIII, IX and X", "course": 5, "order": 10, "created_date": "2017-03-21T15:52:09Z", "published_date": "2017-03-21T15:52:09Z"}}, {"model": "posts.result", "pk": 1, "fields": {"author": 1, "result_id": "NEET2016", "title": "Results NEET 2016", "featured_result": true, "details_text": "<ul style=\"margin: 0pt 0px; padding: 0px; list-style: none;\"><li dir=\"ltr\" style=\"list-style-type: disc; vertical-align: baseline; margin-left: 54pt;\"><p dir=\"ltr\" style=\"margin-top: 0pt; margin-bottom: 0pt; line-height: 1.38;\"><span style=\"text-align: left;\">Lorem Ipsum is simply dummy text of the printing and typesetting industry. Lorem Ipsum has been the industry's standard dummy text ever since</span><br></p></li><li dir=\"ltr\" style=\"list-style-type: disc; vertical-align: baseline; margin-left: 54pt;\"><p dir=\"ltr\" style=\"margin-top: 0pt; margin-bottom: 0pt; line-height: 1.38;\"><span style=\"text-align: left;\">Lorem Ipsum is simply dummy text of the printing and typesetting industry. Lorem Ipsum has been the industry's standard dummy text ever since</span><br></p></li><li dir=\"ltr\" style=\"list-style-type: disc; vertical-align: baseline; margin-left: 54pt;\"><p dir=\"ltr\" style=\"margin-top: 0pt; margin-bottom: 0pt; line-height: 1.38;\"><span style=\"text-align: left;\">Lorem Ipsum is simply dummy text of the printing and typesetting industry. Lorem Ipsum has been the industry's standard dummy text ever since</span><br></p></li></ul>", "highlight_text": "<p>24 Top Scorers from Tandem</p>", "background": "results/bg/default_result.jpg", "batch": "2016-2017", "created_date": "2017-03-07T07:04:23Z", "published_date": "2017-03-07T07:07:00Z", "category": 2}}, {"model": "posts.result", "pk": 2, "fields": {"author": 1, "result_id": "BCom 2016", "title": "BCOM / BA 2016-17", "featured_result": true, "details_text": "", "highlight_text": "", "background": "results/bg/default_result.jpg", "batch": "2016-2017", "created_date": "2017-03-07T12:35:55Z", "published_date": "2017-03-07T12:36:00Z", "category": 1}}, {"model": "posts.result", "pk": 3, "fields": {"author": 1, "result_id": "NIOS2016", "title": "National Open School 2016-17", "featured_result": false, "details_text": "", "highlight_text": "", "background": "results/bg/default_result.jpg", "batch": "2016-2017", "created_date": "2017-03-08T06:07:20Z", "published_date": "2017-03-08T06:08:00Z", "category": 4}}, {"model": "posts.topscorer", "pk": 1, "fields": {"author": 1, "top_scorer_id": "rajesh01", "student_name": "Rajesh Moses", "student_title": "NEET Rank 3", "student_photo": "results/student/student_3UFOTCw.png", "result": 1, "course": 8, "batch": "2016-2017", "featured_top_scorer": true, "created_date": "2017-03-07T07:10:30Z", "published_date": "2017-03-06T18:30:00Z"}}, {"model": "posts.topscorer", "pk": 2, "fields": {"author": 1, "top_scorer_id": "mathew02", "student_name": "Mathew Augustine", "student_title": "A+ in all subjects", "student_photo": "results/student/student2.png", "result": 1, "course": 7, "batch": "2016-2017", "featured_top_scorer": false, "created_date": "2017-03-07T12:29:58Z", "published_date": "2017-03-06T18:30:00Z"}}, {"model": "posts.topscorer", "pk": 3, "fields": {"author": 1, "top_scorer_id": "sreejesh01", "student_name": "Sreejesh Sudhakar", "student_title": "Best Outgoing Student", "student_photo": "results/student/student_SKxUVDy.png", "result": 1, "course": 8, "batch": "2016-2017", "featured_top_scorer": false, "created_date": "2017-03-07T12:32:01Z", "published_date": "2017-03-06T22:30:00Z"}}, {"model": "posts.topscorer", "pk": 4, "fields": {"author": 1, "top_scorer_id": "vijayalakshmi", "student_name": "Vijayalakshmi L", "student_title": "NEET Rank 1", "student_photo": "results/student/student3.png", "result": 1, "course": 7, "batch": "2016-2017", "featured_top_scorer": false, "created_date": "2017-03-07T12:32:53Z", "published_date": "2017-03-06T19:30:00Z"}}, {"model": "posts.topscorer", "pk": 5, "fields": {"author": 1, "top_scorer_id": "aadil01", "student_name": "Aadil Jalaludhin", "student_title": "B COM Rank 2", "student_photo": "results/student/student2_teM02Xd.png", "result": 2, "course": 3, "batch": "2016-2017", "featured_top_scorer": false, "created_date": "2017-03-07T16:37:12Z", "published_date": "2017-03-06T18:30:00Z"}}, {"model": "posts.testimonial", "pk": 2, "fields": {"author": 1, "testimonial_id": "testi01", "student_title": "Student", "student_name": "Suneesh Sudhakar", "course": 3, "student_photo": "testimonial/student/student_svw7Lz7.png", "background": "testimonial/bg/skills_bg_RRcBUCM.jpg", "text": "when an unknown printer took a galley of type and scrambled it to make a type specimen book.scrambled it to make a type specimen book", "created_date": "2017-02-20T05:15:22Z", "published_date": "2017-02-20T05:12:22Z"}}, {"model": "posts.testimonial", "pk": 3, "fields": {"author": 1, "testimonial_id": "test02", "student_title": "Best Outgoing Student", "student_name": "Balasankar M", "course": 6, "student_photo": "testimonial/student/student2.png", "background": "testimonial/bg/bg_yellow.jpg", "text": "Tandem's training methods helped me score well in all the competitive exams I faced. I am confident now to excel in my career.", "created_date": "2017-02-20T05:18:45Z", "published_date": "2017-02-20T05:21:14Z"}}, {"model": "posts.testimonial", "pk": 4, "fields": {"author": 1, "testimonial_id": "test03", "student_title": "A+ in all subjects", "student_name": "Lekshmi S", "course": 8, "student_photo": "testimonial/student/student3.png", "background": "testimonial/bg/bg_yellow_uUClpIs.jpg", "text": "The support I got from Tandem, helped me to do well in all my exams.", "created_date": "2017-02-20T05:22:00Z", "published_date": "2017-02-20T05:23:29Z"}}, {"model": "posts.testimonial", "pk": 5, "fields": {"author": 1, "testimonial_id": "test04", "student_title": "Best Outgoing Student", "student_name": "Thomas Chacko", "course": 4, "student_photo": "testimonial/student/student2_w480Jdq.png", "background": "testimonial/bg/student.png", "text": "None", "created_date": "2017-03-07T16:06:14Z", "published_date": "2017-03-06T18:30:00Z"}}, {"model": "posts.center", "pk": 1, "fields": {"author": 1, "center_id": "ernakulam01", "location": "Ernakulam", "latitude": "9.9839301000", "longitude": "76.2829846000", "address_line1": "2nd Floor, STR Complex", "address_line2": "Veekshanam Road", "address_line3": "Opp. International Hotel", "address_line4": "Ernakulam 682035", "email": "tandemekm@gmail.com", "order": 1, "created_date": "2017-03-09T05:50:38Z", "published_date": "2017-03-08T18:30:00Z"}}, {"model": "posts.center", "pk": 2, "fields": {"author": 1, "center_id": "tvm", "location": "Thiruvanathapuram", "latitude": "9.9839301000", "longitude": "76.2829846000", "address_line1": "Fourth Floor, Premier Towers", "address_line2": "Opp. Ayurveda College", "address_line3": "M.G Road", "address_line4": "Trivandrum 695001", "email": "", "order": 0, "created_date": "2017-03-09T13:14:54Z", "published_date": "2017-03-09T13:16:00Z"}}, {"model": "posts.division", "pk": 1, "fields": {"author": 1, "division_id": "commerce", "title": "Commerce", "created_date": "2017-03-09T12:45:15Z", "published_date": "2017-03-09T12:45:00Z"}}, {"model": "posts.division", "pk": 2, "fields": {"author": 1, "division_id": "science", "title": "Science", "created_date": "2017-03-09T12:45:44Z", "published_date": "2017-03-09T12:45:00Z"}}, {"model": "posts.contact", "pk": 1, "fields": {"author": 1, "contact_id": "principal_commerce2017", "title": "Principal", "name": "Sebastian Antony", "email": "", "phone": "9567679797", "division": 1, "center": 1, "created_date": "2017-03-09T12:46:07Z", "published_date": "2017-03-09T12:47:00Z"}}, {"model": "posts.contact", "pk": 2, "fields": {"author": 1, "contact_id": "science_coordinator", "title": "Academic Co-ordinator", "name": "Reshma K R", "email": "", "phone": "9207870033", "division": 2, "center": 1, "created_date": "2017-03-09T12:55:17Z", "published_date": "2017-03-09T12:56:00Z"}}, {"model": "posts.contact", "pk": 3, "fields": {"author": 1, "contact_id": "business_srmgr", "title": "Sr. Mgr. Business Development", "name": "Pramod S Nair", "email": "", "phone": "", "division": 2, "center": 1, "created_date": "2017-03-09T12:56:39Z", "published_date": "2017-03-09T12:58:00Z"}}, {"model": "posts.contact", "pk": 4, "fields": {"author": 1, "contact_id": "general", "title": "", "name": "General Enquiry", "email": "", "phone": "0484-2366756", "division": 2, "center": 1, "created_date": "2017-03-09T13:04:29Z", "published_date": "2017-03-09T13:05:00Z"}}, {"model": "posts.contact", "pk": 5, "fields": {"author": 1, "contact_id": "coordinator_comm_tvm", "title": "Co-ordinator", "name": "K R Sreekumar", "email": "", "phone": "9495520460", "division": 1, "center": 2, "created_date": "2017-03-09T13:16:34Z", "published_date": "2017-03-09T13:17:00Z"}}, {"model": "admin.logentry", "pk": 1, "fields": {"action_time": "2017-02-13T05:27:07.424Z", "user": 1, "content_type": 7, "object_id": "1", "object_repr": "home_01", "action_flag": 1, "change_message": "[{\"added\": {}}]"}}, {"model": "admin.logentry", "pk": 2, "fields": {"action_time": "2017-02-13T08:21:07.055Z", "user": 1, "content_type": 7, "object_id": "2", "object_repr": "home_02", "action_flag": 1, "change_message": "[{\"added\": {}}]"}}, {"model": "admin.logentry", "pk": 3, "fields": {"action_time": "2017-02-13T09:11:14.240Z", "user": 1, "content_type": 7, "object_id": "3", "object_repr": "home_03", "action_flag": 1, "change_message": "[{\"added\": {}}]"}}, {"model": "admin.logentry", "pk": 4, "fields": {"action_time": "2017-02-14T04:30:29.157Z", "user": 1, "content_type": 7, "object_id": "1", "object_repr": "home_01", "action_flag": 2, "change_message": "[{\"changed\": {\"fields\": [\"photo\"]}}]"}}, {"model": "admin.logentry", "pk": 5, "fields": {"action_time": "2017-02-16T11:14:20.414Z", "user": 1, "content_type": 8, "object_id": "1", "object_repr": "slogan01", "action_flag": 1, "change_message": "[{\"added\": {}}]"}}, {"model": "admin.logentry", "pk": 6, "fields": {"action_time": "2017-02-16T11:16:33.044Z", "user": 1, "content_type": 8, "object_id": "2", "object_repr": "slogan02", "action_flag": 1, "change_message": "[{\"added\": {}}]"}}, {"model": "admin.logentry", "pk": 7, "fields": {"action_time": "2017-02-16T17:14:38.994Z", "user": 1, "content_type": 8, "object_id": "1", "object_repr": "slogan01", "action_flag": 2, "change_message": "[{\"changed\": {\"fields\": [\"icon\", \"background\"]}}]"}}, {"model": "admin.logentry", "pk": 8, "fields": {"action_time": "2017-02-17T03:06:54.737Z", "user": 1, "content_type": 8, "object_id": "2", "object_repr": "slogan02", "action_flag": 2, "change_message": "[{\"changed\": {\"fields\": [\"background\"]}}]"}}, {"model": "admin.logentry", "pk": 9, "fields": {"action_time": "2017-02-17T03:14:40.017Z", "user": 1, "content_type": 8, "object_id": "2", "object_repr": "slogan02", "action_flag": 2, "change_message": "[{\"changed\": {\"fields\": [\"background\"]}}]"}}, {"model": "admin.logentry", "pk": 10, "fields": {"action_time": "2017-02-17T03:14:56.174Z", "user": 1, "content_type": 8, "object_id": "1", "object_repr": "slogan01", "action_flag": 2, "change_message": "[{\"changed\": {\"fields\": [\"background\"]}}]"}}, {"model": "admin.logentry", "pk": 11, "fields": {"action_time": "2017-02-17T04:31:33.657Z", "user": 1, "content_type": 12, "object_id": "1", "object_repr": "news01", "action_flag": 1, "change_message": "[{\"added\": {}}]"}}, {"model": "admin.logentry", "pk": 12, "fields": {"action_time": "2017-02-17T04:32:42.533Z", "user": 1, "content_type": 12, "object_id": "2", "object_repr": "news02", "action_flag": 1, "change_message": "[{\"added\": {}}]"}}, {"model": "admin.logentry", "pk": 13, "fields": {"action_time": "2017-02-17T04:37:16.695Z", "user": 1, "content_type": 12, "object_id": "1", "object_repr": "news01", "action_flag": 2, "change_message": "[{\"changed\": {\"fields\": [\"text\"]}}]"}}, {"model": "admin.logentry", "pk": 14, "fields": {"action_time": "2017-02-17T04:37:22.573Z", "user": 1, "content_type": 12, "object_id": "2", "object_repr": "news02", "action_flag": 2, "change_message": "[]"}}, {"model": "admin.logentry", "pk": 15, "fields": {"action_time": "2017-02-17T04:37:26.465Z", "user": 1, "content_type": 12, "object_id": "1", "object_repr": "news01", "action_flag": 2, "change_message": "[]"}}, {"model": "admin.logentry", "pk": 16, "fields": {"action_time": "2017-02-17T04:37:32.639Z", "user": 1, "content_type": 12, "object_id": "2", "object_repr": "news02", "action_flag": 2, "change_message": "[{\"changed\": {\"fields\": [\"text\"]}}]"}}, {"model": "admin.logentry", "pk": 17, "fields": {"action_time": "2017-02-17T05:28:25.763Z", "user": 1, "content_type": 11, "object_id": "1", "object_repr": "exam01", "action_flag": 1, "change_message": "[{\"added\": {}}]"}}, {"model": "admin.logentry", "pk": 18, "fields": {"action_time": "2017-02-17T05:29:44.948Z", "user": 1, "content_type": 11, "object_id": "2", "object_repr": "exam02", "action_flag": 1, "change_message": "[{\"added\": {}}]"}}, {"model": "admin.logentry", "pk": 19, "fields": {"action_time": "2017-02-17T05:46:54.865Z", "user": 1, "content_type": 9, "object_id": "1", "object_repr": "video01", "action_flag": 1, "change_message": "[{\"added\": {}}]"}}, {"model": "admin.logentry", "pk": 20, "fields": {"action_time": "2017-02-17T06:09:03.039Z", "user": 1, "content_type": 9, "object_id": "1", "object_repr": "video01", "action_flag": 2, "change_message": "[]"}}, {"model": "admin.logentry", "pk": 21, "fields": {"action_time": "2017-02-17T06:14:36.329Z", "user": 1, "content_type": 9, "object_id": "2", "object_repr": "video2", "action_flag": 1, "change_message": "[{\"added\": {}}]"}}, {"model": "admin.logentry", "pk": 22, "fields": {"action_time": "2017-02-20T05:12:24.112Z", "user": 1, "content_type": 13, "object_id": "1", "object_repr": "testi01", "action_flag": 1, "change_message": "[{\"added\": {}}]"}}, {"model": "admin.logentry", "pk": 23, "fields": {"action_time": "2017-02-20T05:18:45.412Z", "user": 1, "content_type": 13, "object_id": "2", "object_repr": "testi01", "action_flag": 1, "change_message": "[{\"added\": {}}]"}}, {"model": "admin.logentry", "pk": 24, "fields": {"action_time": "2017-02-20T05:21:38.115Z", "user": 1, "content_type": 13, "object_id": "3", "object_repr": "test02", "action_flag": 1, "change_message": "[{\"added\": {}}]"}}, {"model": "admin.logentry", "pk": 25, "fields": {"action_time": "2017-02-20T05:21:56.365Z", "user": 1, "content_type": 13, "object_id": "1", "object_repr": "testi01", "action_flag": 3, "change_message": ""}}, {"model": "admin.logentry", "pk": 26, "fields": {"action_time": "2017-02-20T05:23:31.000Z", "user": 1, "content_type": 13, "object_id": "4", "object_repr": "test03", "action_flag": 1, "change_message": "[{\"added\": {}}]"}}, {"model": "admin.logentry", "pk": 27, "fields": {"action_time": "2017-03-02T13:24:53.898Z", "user": 1, "content_type": 16, "object_id": "1", "object_repr": "Commerce", "action_flag": 1, "change_message": "[{\"added\": {}}]"}}, {"model": "admin.logentry", "pk": 28, "fields": {"action_time": "2017-03-02T13:25:05.616Z", "user": 1, "content_type": 16, "object_id": "2", "object_repr": "Science", "action_flag": 1, "change_message": "[{\"added\": {}}]"}}, {"model": "admin.logentry", "pk": 29, "fields": {"action_time": "2017-03-02T13:25:21.539Z", "user": 1, "content_type": 16, "object_id": "3", "object_repr": "Competitive", "action_flag": 1, "change_message": "[{\"added\": {}}]"}}, {"model": "admin.logentry", "pk": 30, "fields": {"action_time": "2017-03-02T13:25:58.056Z", "user": 1, "content_type": 15, "object_id": "1", "object_repr": "Undergraduate", "action_flag": 1, "change_message": "[{\"added\": {}}]"}}, {"model": "admin.logentry", "pk": 31, "fields": {"action_time": "2017-03-02T13:28:21.218Z", "user": 1, "content_type": 14, "object_id": "1", "object_repr": "course01", "action_flag": 1, "change_message": "[{\"added\": {}}]"}}, {"model": "admin.logentry", "pk": 32, "fields": {"action_time": "2017-03-02T13:30:13.390Z", "user": 1, "content_type": 14, "object_id": "1", "object_repr": "course01", "action_flag": 2, "change_message": "[{\"changed\": {\"fields\": [\"overview_text\"]}}]"}}, {"model": "admin.logentry", "pk": 33, "fields": {"action_time": "2017-03-03T03:51:11.917Z", "user": 1, "content_type": 14, "object_id": "2", "object_repr": "bcom2017", "action_flag": 1, "change_message": "[{\"added\": {}}]"}}, {"model": "admin.logentry", "pk": 34, "fields": {"action_time": "2017-03-03T03:52:49.493Z", "user": 1, "content_type": 14, "object_id": "2", "object_repr": "bcom2017", "action_flag": 2, "change_message": "[{\"changed\": {\"fields\": [\"strengths_text\", \"published_date\"]}}]"}}, {"model": "admin.logentry", "pk": 35, "fields": {"action_time": "2017-03-03T04:00:14.751Z", "user": 1, "content_type": 14, "object_id": "1", "object_repr": "course01", "action_flag": 2, "change_message": "[{\"changed\": {\"fields\": [\"featured_course\"]}}]"}}, {"model": "admin.logentry", "pk": 36, "fields": {"action_time": "2017-03-03T04:10:26.091Z", "user": 1, "content_type": 16, "object_id": "1", "object_repr": "Commerce", "action_flag": 2, "change_message": "[{\"changed\": {\"fields\": [\"order\"]}}]"}}, {"model": "admin.logentry", "pk": 37, "fields": {"action_time": "2017-03-03T04:10:28.412Z", "user": 1, "content_type": 16, "object_id": "1", "object_repr": "Commerce", "action_flag": 2, "change_message": "[]"}}, {"model": "admin.logentry", "pk": 38, "fields": {"action_time": "2017-03-03T04:10:37.736Z", "user": 1, "content_type": 16, "object_id": "1", "object_repr": "Commerce", "action_flag": 2, "change_message": "[]"}}, {"model": "admin.logentry", "pk": 39, "fields": {"action_time": "2017-03-03T04:10:45.308Z", "user": 1, "content_type": 16, "object_id": "2", "object_repr": "Science", "action_flag": 2, "change_message": "[{\"changed\": {\"fields\": [\"order\"]}}]"}}, {"model": "admin.logentry", "pk": 40, "fields": {"action_time": "2017-03-03T04:10:52.704Z", "user": 1, "content_type": 16, "object_id": "3", "object_repr": "Competitive", "action_flag": 2, "change_message": "[{\"changed\": {\"fields\": [\"order\"]}}]"}}, {"model": "admin.logentry", "pk": 41, "fields": {"action_time": "2017-03-03T04:11:05.638Z", "user": 1, "content_type": 16, "object_id": "4", "object_repr": "Top Rated Courses", "action_flag": 1, "change_message": "[{\"added\": {}}]"}}, {"model": "admin.logentry", "pk": 42, "fields": {"action_time": "2017-03-03T04:22:27.202Z", "user": 1, "content_type": 14, "object_id": "2", "object_repr": "bcom2017", "action_flag": 2, "change_message": "[{\"changed\": {\"fields\": [\"background\"]}}]"}}, {"model": "admin.logentry", "pk": 43, "fields": {"action_time": "2017-03-03T04:23:39.704Z", "user": 1, "content_type": 14, "object_id": "1", "object_repr": "course01", "action_flag": 3, "change_message": ""}}, {"model": "admin.logentry", "pk": 44, "fields": {"action_time": "2017-03-03T04:25:52.996Z", "user": 1, "content_type": 14, "object_id": "3", "object_repr": "bcom2017", "action_flag": 1, "change_message": "[{\"added\": {}}]"}}, {"model": "admin.logentry", "pk": 45, "fields": {"action_time": "2017-03-03T04:26:18.918Z", "user": 1, "content_type": 14, "object_id": "2", "object_repr": "bcom2017", "action_flag": 3, "change_message": ""}}, {"model": "admin.logentry", "pk": 46, "fields": {"action_time": "2017-03-03T05:26:49.216Z", "user": 1, "content_type": 16, "object_id": "4", "object_repr": "Top Rated Courses", "action_flag": 3, "change_message": ""}}, {"model": "admin.logentry", "pk": 47, "fields": {"action_time": "2017-03-03T05:33:31.597Z", "user": 1, "content_type": 15, "object_id": "2", "object_repr": "Entrance Coaching", "action_flag": 1, "change_message": "[{\"added\": {}}]"}}, {"model": "admin.logentry", "pk": 48, "fields": {"action_time": "2017-03-03T05:34:13.596Z", "user": 1, "content_type": 15, "object_id": "3", "object_repr": "Tution", "action_flag": 1, "change_message": "[{\"added\": {}}]"}}, {"model": "admin.logentry", "pk": 49, "fields": {"action_time": "2017-03-03T05:34:16.585Z", "user": 1, "content_type": 15, "object_id": "3", "object_repr": "Tution", "action_flag": 2, "change_message": "[]"}}, {"model": "admin.logentry", "pk": 50, "fields": {"action_time": "2017-03-03T05:34:21.679Z", "user": 1, "content_type": 15, "object_id": "3", "object_repr": "Tution", "action_flag": 2, "change_message": "[]"}}, {"model": "admin.logentry", "pk": 51, "fields": {"action_time": "2017-03-03T05:34:54.174Z", "user": 1, "content_type": 15, "object_id": "4", "object_repr": "Plus Two", "action_flag": 1, "change_message": "[{\"added\": {}}]"}}, {"model": "admin.logentry", "pk": 52, "fields": {"action_time": "2017-03-03T05:35:42.818Z", "user": 1, "content_type": 15, "object_id": "5", "object_repr": "Post Graduate Courses", "action_flag": 1, "change_message": "[{\"added\": {}}]"}}, {"model": "admin.logentry", "pk": 53, "fields": {"action_time": "2017-03-03T05:36:05.481Z", "user": 1, "content_type": 15, "object_id": "6", "object_repr": "PSC Coaching", "action_flag": 1, "change_message": "[{\"added\": {}}]"}}, {"model": "admin.logentry", "pk": 54, "fields": {"action_time": "2017-03-03T05:36:27.473Z", "user": 1, "content_type": 15, "object_id": "7", "object_repr": "Other Competitive Exams", "action_flag": 1, "change_message": "[{\"added\": {}}]"}}, {"model": "admin.logentry", "pk": 55, "fields": {"action_time": "2017-03-03T05:36:38.202Z", "user": 1, "content_type": 15, "object_id": "1", "object_repr": "Undergraduate Courses", "action_flag": 2, "change_message": "[{\"changed\": {\"fields\": [\"title\"]}}]"}}, {"model": "admin.logentry", "pk": 56, "fields": {"action_time": "2017-03-03T05:36:52.974Z", "user": 1, "content_type": 15, "object_id": "4", "object_repr": "Plus Two / NIOS", "action_flag": 2, "change_message": "[{\"changed\": {\"fields\": [\"title\"]}}]"}}, {"model": "admin.logentry", "pk": 57, "fields": {"action_time": "2017-03-03T05:40:08.687Z", "user": 1, "content_type": 14, "object_id": "4", "object_repr": "8910tution2017", "action_flag": 1, "change_message": "[{\"added\": {}}]"}}, {"model": "admin.logentry", "pk": 58, "fields": {"action_time": "2017-03-03T05:58:24.464Z", "user": 1, "content_type": 14, "object_id": "5", "object_repr": "1112tution2017", "action_flag": 1, "change_message": "[{\"added\": {}}]"}}, {"model": "admin.logentry", "pk": 59, "fields": {"action_time": "2017-03-03T06:29:45.018Z", "user": 1, "content_type": 14, "object_id": "6", "object_repr": "ba_english2017", "action_flag": 1, "change_message": "[{\"added\": {}}]"}}, {"model": "admin.logentry", "pk": 60, "fields": {"action_time": "2017-03-03T06:31:45.248Z", "user": 1, "content_type": 14, "object_id": "7", "object_repr": "jee_adv2017", "action_flag": 1, "change_message": "[{\"added\": {}}]"}}, {"model": "admin.logentry", "pk": 61, "fields": {"action_time": "2017-03-03T06:33:43.986Z", "user": 1, "content_type": 14, "object_id": "8", "object_repr": "neet_2017", "action_flag": 1, "change_message": "[{\"added\": {}}]"}}, {"model": "admin.logentry", "pk": 62, "fields": {"action_time": "2017-03-03T08:58:09.150Z", "user": 1, "content_type": 14, "object_id": "9", "object_repr": "mba_2017", "action_flag": 1, "change_message": "[{\"added\": {}}]"}}, {"model": "admin.logentry", "pk": 63, "fields": {"action_time": "2017-03-03T09:53:30.878Z", "user": 1, "content_type": 14, "object_id": "3", "object_repr": "bcom2017", "action_flag": 2, "change_message": "[{\"changed\": {\"fields\": [\"overview_text\"]}}]"}}, {"model": "admin.logentry", "pk": 64, "fields": {"action_time": "2017-03-03T09:55:03.231Z", "user": 1, "content_type": 14, "object_id": "3", "object_repr": "bcom2017", "action_flag": 2, "change_message": "[{\"changed\": {\"fields\": [\"overview_text\"]}}]"}}, {"model": "admin.logentry", "pk": 65, "fields": {"action_time": "2017-03-03T09:55:47.049Z", "user": 1, "content_type": 14, "object_id": "3", "object_repr": "bcom2017", "action_flag": 2, "change_message": "[{\"changed\": {\"fields\": [\"overview_text\"]}}]"}}, {"model": "admin.logentry", "pk": 66, "fields": {"action_time": "2017-03-03T09:57:00.954Z", "user": 1, "content_type": 14, "object_id": "3", "object_repr": "bcom2017", "action_flag": 2, "change_message": "[{\"changed\": {\"fields\": [\"overview_text\"]}}]"}}, {"model": "admin.logentry", "pk": 67, "fields": {"action_time": "2017-03-03T09:58:48.420Z", "user": 1, "content_type": 14, "object_id": "3", "object_repr": "bcom2017", "action_flag": 2, "change_message": "[{\"changed\": {\"fields\": [\"overview_text\"]}}]"}}, {"model": "admin.logentry", "pk": 68, "fields": {"action_time": "2017-03-03T10:00:00.066Z", "user": 1, "content_type": 14, "object_id": "3", "object_repr": "bcom2017", "action_flag": 2, "change_message": "[{\"changed\": {\"fields\": [\"overview_text\"]}}]"}}, {"model": "admin.logentry", "pk": 69, "fields": {"action_time": "2017-03-03T10:01:39.874Z", "user": 1, "content_type": 14, "object_id": "3", "object_repr": "bcom2017", "action_flag": 2, "change_message": "[{\"changed\": {\"fields\": [\"overview_text\"]}}]"}}, {"model": "admin.logentry", "pk": 70, "fields": {"action_time": "2017-03-03T10:02:27.685Z", "user": 1, "content_type": 14, "object_id": "3", "object_repr": "bcom2017", "action_flag": 2, "change_message": "[{\"changed\": {\"fields\": [\"overview_text\"]}}]"}}, {"model": "admin.logentry", "pk": 71, "fields": {"action_time": "2017-03-03T10:03:05.765Z", "user": 1, "content_type": 14, "object_id": "3", "object_repr": "bcom2017", "action_flag": 2, "change_message": "[{\"changed\": {\"fields\": [\"overview_text\"]}}]"}}, {"model": "admin.logentry", "pk": 72, "fields": {"action_time": "2017-03-03T10:04:03.796Z", "user": 1, "content_type": 14, "object_id": "3", "object_repr": "bcom2017", "action_flag": 2, "change_message": "[{\"changed\": {\"fields\": [\"overview_text\"]}}]"}}, {"model": "admin.logentry", "pk": 73, "fields": {"action_time": "2017-03-03T10:05:48.349Z", "user": 1, "content_type": 14, "object_id": "3", "object_repr": "bcom2017", "action_flag": 2, "change_message": "[{\"changed\": {\"fields\": [\"overview_text\"]}}]"}}, {"model": "admin.logentry", "pk": 74, "fields": {"action_time": "2017-03-03T10:06:41.814Z", "user": 1, "content_type": 14, "object_id": "3", "object_repr": "bcom2017", "action_flag": 2, "change_message": "[{\"changed\": {\"fields\": [\"overview_text\"]}}]"}}, {"model": "admin.logentry", "pk": 75, "fields": {"action_time": "2017-03-03T10:11:05.718Z", "user": 1, "content_type": 14, "object_id": "3", "object_repr": "bcom2017", "action_flag": 2, "change_message": "[{\"changed\": {\"fields\": [\"overview_text\"]}}]"}}, {"model": "admin.logentry", "pk": 76, "fields": {"action_time": "2017-03-03T10:12:41.847Z", "user": 1, "content_type": 14, "object_id": "3", "object_repr": "bcom2017", "action_flag": 2, "change_message": "[{\"changed\": {\"fields\": [\"overview_text\"]}}]"}}, {"model": "admin.logentry", "pk": 77, "fields": {"action_time": "2017-03-03T11:08:50.176Z", "user": 1, "content_type": 14, "object_id": "3", "object_repr": "bcom2017", "action_flag": 2, "change_message": "[{\"changed\": {\"fields\": [\"overview_text\"]}}]"}}, {"model": "admin.logentry", "pk": 78, "fields": {"action_time": "2017-03-03T11:10:12.888Z", "user": 1, "content_type": 14, "object_id": "3", "object_repr": "bcom2017", "action_flag": 2, "change_message": "[{\"changed\": {\"fields\": [\"overview_text\"]}}]"}}, {"model": "admin.logentry", "pk": 79, "fields": {"action_time": "2017-03-03T11:10:32.356Z", "user": 1, "content_type": 14, "object_id": "3", "object_repr": "bcom2017", "action_flag": 2, "change_message": "[]"}}, {"model": "admin.logentry", "pk": 80, "fields": {"action_time": "2017-03-03T11:12:15.869Z", "user": 1, "content_type": 14, "object_id": "3", "object_repr": "bcom2017", "action_flag": 2, "change_message": "[{\"changed\": {\"fields\": [\"overview_text\"]}}]"}}, {"model": "admin.logentry", "pk": 81, "fields": {"action_time": "2017-03-03T11:13:49.004Z", "user": 1, "content_type": 14, "object_id": "3", "object_repr": "bcom2017", "action_flag": 2, "change_message": "[{\"changed\": {\"fields\": [\"overview_text\"]}}]"}}, {"model": "admin.logentry", "pk": 82, "fields": {"action_time": "2017-03-03T11:16:57.306Z", "user": 1, "content_type": 14, "object_id": "3", "object_repr": "bcom2017", "action_flag": 2, "change_message": "[]"}}, {"model": "admin.logentry", "pk": 83, "fields": {"action_time": "2017-03-06T16:49:01.539Z", "user": 1, "content_type": 14, "object_id": "3", "object_repr": "bcom2017", "action_flag": 2, "change_message": "[{\"changed\": {\"fields\": [\"details_text\", \"schedule_text\"]}}]"}}, {"model": "admin.logentry", "pk": 84, "fields": {"action_time": "2017-03-06T16:52:38.967Z", "user": 1, "content_type": 14, "object_id": "3", "object_repr": "bcom2017", "action_flag": 2, "change_message": "[{\"changed\": {\"fields\": [\"schedule_text\"]}}]"}}, {"model": "admin.logentry", "pk": 85, "fields": {"action_time": "2017-03-06T17:02:57.078Z", "user": 1, "content_type": 14, "object_id": "3", "object_repr": "bcom2017", "action_flag": 2, "change_message": "[{\"changed\": {\"fields\": [\"schedule_text\"]}}]"}}, {"model": "admin.logentry", "pk": 86, "fields": {"action_time": "2017-03-07T05:35:31.317Z", "user": 1, "content_type": 14, "object_id": "3", "object_repr": "bcom2017", "action_flag": 2, "change_message": "[]"}}, {"model": "admin.logentry", "pk": 87, "fields": {"action_time": "2017-03-07T07:08:08.854Z", "user": 1, "content_type": 18, "object_id": "1", "object_repr": "NEET2016", "action_flag": 1, "change_message": "[{\"added\": {}}]"}}, {"model": "admin.logentry", "pk": 88, "fields": {"action_time": "2017-03-07T07:10:38.851Z", "user": 1, "content_type": 19, "object_id": "1", "object_repr": "rajesh01", "action_flag": 1, "change_message": "[{\"added\": {}}]"}}, {"model": "admin.logentry", "pk": 89, "fields": {"action_time": "2017-03-07T07:22:55.839Z", "user": 1, "content_type": 14, "object_id": "3", "object_repr": "bcom2017", "action_flag": 2, "change_message": "[{\"changed\": {\"fields\": [\"document\"]}}]"}}, {"model": "admin.logentry", "pk": 90, "fields": {"action_time": "2017-03-07T08:30:51.221Z", "user": 1, "content_type": 20, "object_id": "1", "object_repr": "BCOM(Taxation) Course Details", "action_flag": 1, "change_message": "[{\"added\": {}}]"}}, {"model": "admin.logentry", "pk": 91, "fields": {"action_time": "2017-03-07T08:31:06.826Z", "user": 1, "content_type": 14, "object_id": "3", "object_repr": "bcom2017", "action_flag": 2, "change_message": "[{\"changed\": {\"fields\": [\"document\"]}}]"}}, {"model": "admin.logentry", "pk": 92, "fields": {"action_time": "2017-03-07T09:06:06.346Z", "user": 1, "content_type": 13, "object_id": "2", "object_repr": "testi01", "action_flag": 2, "change_message": "[{\"changed\": {\"fields\": [\"course\"]}}]"}}, {"model": "admin.logentry", "pk": 93, "fields": {"action_time": "2017-03-07T09:06:14.408Z", "user": 1, "content_type": 13, "object_id": "3", "object_repr": "test02", "action_flag": 2, "change_message": "[{\"changed\": {\"fields\": [\"course\"]}}]"}}, {"model": "admin.logentry", "pk": 94, "fields": {"action_time": "2017-03-07T09:06:21.687Z", "user": 1, "content_type": 13, "object_id": "4", "object_repr": "test03", "action_flag": 2, "change_message": "[{\"changed\": {\"fields\": [\"course\"]}}]"}}, {"model": "admin.logentry", "pk": 95, "fields": {"action_time": "2017-03-07T09:08:13.368Z", "user": 1, "content_type": 14, "object_id": "9", "object_repr": "mba_2017", "action_flag": 2, "change_message": "[{\"changed\": {\"fields\": [\"document\"]}}]"}}, {"model": "admin.logentry", "pk": 96, "fields": {"action_time": "2017-03-07T09:08:19.838Z", "user": 1, "content_type": 14, "object_id": "8", "object_repr": "neet_2017", "action_flag": 2, "change_message": "[{\"changed\": {\"fields\": [\"document\"]}}]"}}, {"model": "admin.logentry", "pk": 97, "fields": {"action_time": "2017-03-07T09:08:25.837Z", "user": 1, "content_type": 14, "object_id": "7", "object_repr": "jee_adv2017", "action_flag": 2, "change_message": "[{\"changed\": {\"fields\": [\"document\"]}}]"}}, {"model": "admin.logentry", "pk": 98, "fields": {"action_time": "2017-03-07T09:08:31.496Z", "user": 1, "content_type": 14, "object_id": "6", "object_repr": "ba_english2017", "action_flag": 2, "change_message": "[{\"changed\": {\"fields\": [\"document\"]}}]"}}, {"model": "admin.logentry", "pk": 99, "fields": {"action_time": "2017-03-07T09:08:37.011Z", "user": 1, "content_type": 14, "object_id": "5", "object_repr": "1112tution2017", "action_flag": 2, "change_message": "[{\"changed\": {\"fields\": [\"document\"]}}]"}}, {"model": "admin.logentry", "pk": 100, "fields": {"action_time": "2017-03-07T09:08:41.487Z", "user": 1, "content_type": 14, "object_id": "5", "object_repr": "1112tution2017", "action_flag": 2, "change_message": "[]"}}, {"model": "admin.logentry", "pk": 101, "fields": {"action_time": "2017-03-07T09:08:46.869Z", "user": 1, "content_type": 14, "object_id": "4", "object_repr": "8910tution2017", "action_flag": 2, "change_message": "[{\"changed\": {\"fields\": [\"document\"]}}]"}}, {"model": "admin.logentry", "pk": 102, "fields": {"action_time": "2017-03-07T09:08:53.498Z", "user": 1, "content_type": 14, "object_id": "3", "object_repr": "bcom2017", "action_flag": 2, "change_message": "[]"}}, {"model": "admin.logentry", "pk": 103, "fields": {"action_time": "2017-03-07T09:44:28.274Z", "user": 1, "content_type": 14, "object_id": "3", "object_repr": "bcom2017", "action_flag": 2, "change_message": "[{\"changed\": {\"fields\": [\"document\"]}}]"}}, {"model": "admin.logentry", "pk": 104, "fields": {"action_time": "2017-03-07T10:06:34.375Z", "user": 1, "content_type": 14, "object_id": "7", "object_repr": "jee_adv2017", "action_flag": 2, "change_message": "[{\"changed\": {\"fields\": [\"document\"]}}]"}}, {"model": "admin.logentry", "pk": 105, "fields": {"action_time": "2017-03-07T12:32:01.566Z", "user": 1, "content_type": 19, "object_id": "2", "object_repr": "mathew02", "action_flag": 1, "change_message": "[{\"added\": {}}]"}}, {"model": "admin.logentry", "pk": 106, "fields": {"action_time": "2017-03-07T12:32:53.262Z", "user": 1, "content_type": 19, "object_id": "3", "object_repr": "sreejesh01", "action_flag": 1, "change_message": "[{\"added\": {}}]"}}, {"model": "admin.logentry", "pk": 107, "fields": {"action_time": "2017-03-07T12:33:40.042Z", "user": 1, "content_type": 19, "object_id": "4", "object_repr": "vijayalakshmi", "action_flag": 1, "change_message": "[{\"added\": {}}]"}}, {"model": "admin.logentry", "pk": 108, "fields": {"action_time": "2017-03-07T12:36:59.027Z", "user": 1, "content_type": 18, "object_id": "2", "object_repr": "BCom 2016", "action_flag": 1, "change_message": "[{\"added\": {}}]"}}, {"model": "admin.logentry", "pk": 109, "fields": {"action_time": "2017-03-07T16:07:36.642Z", "user": 1, "content_type": 13, "object_id": "5", "object_repr": "test04", "action_flag": 1, "change_message": "[{\"added\": {}}]"}}, {"model": "admin.logentry", "pk": 110, "fields": {"action_time": "2017-03-07T16:09:46.343Z", "user": 1, "content_type": 13, "object_id": "5", "object_repr": "test04", "action_flag": 2, "change_message": "[{\"changed\": {\"fields\": [\"published_date\"]}}]"}}, {"model": "admin.logentry", "pk": 111, "fields": {"action_time": "2017-03-07T16:38:19.317Z", "user": 1, "content_type": 19, "object_id": "5", "object_repr": "aadil01", "action_flag": 1, "change_message": "[{\"added\": {}}]"}}, {"model": "admin.logentry", "pk": 112, "fields": {"action_time": "2017-03-08T06:08:09.448Z", "user": 1, "content_type": 18, "object_id": "3", "object_repr": "NIOS2016", "action_flag": 1, "change_message": "[{\"added\": {}}]"}}, {"model": "admin.logentry", "pk": 113, "fields": {"action_time": "2017-03-08T10:41:48.076Z", "user": 1, "content_type": 12, "object_id": "3", "object_repr": "news03", "action_flag": 1, "change_message": "[{\"added\": {}}]"}}, {"model": "admin.logentry", "pk": 114, "fields": {"action_time": "2017-03-08T11:56:33.446Z", "user": 1, "content_type": 12, "object_id": "2", "object_repr": "news02", "action_flag": 2, "change_message": "[{\"changed\": {\"fields\": [\"youtube_url\"]}}]"}}, {"model": "admin.logentry", "pk": 115, "fields": {"action_time": "2017-03-08T11:56:40.159Z", "user": 1, "content_type": 12, "object_id": "1", "object_repr": "news01", "action_flag": 2, "change_message": "[{\"changed\": {\"fields\": [\"youtube_url\"]}}]"}}, {"model": "admin.logentry", "pk": 116, "fields": {"action_time": "2017-03-08T12:00:46.495Z", "user": 1, "content_type": 12, "object_id": "2", "object_repr": "news02", "action_flag": 2, "change_message": "[{\"changed\": {\"fields\": [\"youtube_url\"]}}]"}}, {"model": "admin.logentry", "pk": 117, "fields": {"action_time": "2017-03-08T12:11:50.725Z", "user": 1, "content_type": 10, "object_id": "1", "object_repr": "mock01", "action_flag": 1, "change_message": "[{\"added\": {}}]"}}, {"model": "admin.logentry", "pk": 118, "fields": {"action_time": "2017-03-09T05:53:07.784Z", "user": 1, "content_type": 23, "object_id": "1", "object_repr": "ernakulam01", "action_flag": 1, "change_message": "[{\"added\": {}}]"}}, {"model": "admin.logentry", "pk": 119, "fields": {"action_time": "2017-03-09T05:55:40.412Z", "user": 1, "content_type": 23, "object_id": "1", "object_repr": "ernakulam01", "action_flag": 2, "change_message": "[{\"changed\": {\"fields\": [\"address_line1\", \"address_line2\", \"address_line3\", \"address_line4\"]}}]"}}, {"model": "admin.logentry", "pk": 120, "fields": {"action_time": "2017-03-09T12:45:44.281Z", "user": 1, "content_type": 22, "object_id": "1", "object_repr": "commerce", "action_flag": 1, "change_message": "[{\"added\": {}}]"}}, {"model": "admin.logentry", "pk": 121, "fields": {"action_time": "2017-03-09T12:46:00.961Z", "user": 1, "content_type": 22, "object_id": "2", "object_repr": "science", "action_flag": 1, "change_message": "[{\"added\": {}}]"}}, {"model": "admin.logentry", "pk": 122, "fields": {"action_time": "2017-03-09T12:47:33.630Z", "user": 1, "content_type": 21, "object_id": "1", "object_repr": "principal_commerce2017", "action_flag": 1, "change_message": "[{\"added\": {}}]"}}, {"model": "admin.logentry", "pk": 123, "fields": {"action_time": "2017-03-09T12:56:39.695Z", "user": 1, "content_type": 21, "object_id": "2", "object_repr": "science_coordinator", "action_flag": 1, "change_message": "[{\"added\": {}}]"}}, {"model": "admin.logentry", "pk": 124, "fields": {"action_time": "2017-03-09T12:58:10.653Z", "user": 1, "content_type": 21, "object_id": "3", "object_repr": "business_srmgr", "action_flag": 1, "change_message": "[{\"added\": {}}]"}}, {"model": "admin.logentry", "pk": 125, "fields": {"action_time": "2017-03-09T13:05:57.299Z", "user": 1, "content_type": 21, "object_id": "4", "object_repr": "general", "action_flag": 1, "change_message": "[{\"added\": {}}]"}}, {"model": "admin.logentry", "pk": 126, "fields": {"action_time": "2017-03-09T13:16:25.437Z", "user": 1, "content_type": 23, "object_id": "2", "object_repr": "tvm", "action_flag": 1, "change_message": "[{\"added\": {}}]"}}, {"model": "admin.logentry", "pk": 127, "fields": {"action_time": "2017-03-09T13:17:49.318Z", "user": 1, "content_type": 21, "object_id": "5", "object_repr": "coordinator_comm_tvm", "action_flag": 1, "change_message": "[{\"added\": {}}]"}}, {"model": "admin.logentry", "pk": 128, "fields": {"action_time": "2017-03-14T17:01:24.997Z", "user": 1, "content_type": 7, "object_id": "1", "object_repr": "home_01", "action_flag": 2, "change_message": "[{\"changed\": {\"fields\": [\"document\"]}}]"}}, {"model": "admin.logentry", "pk": 129, "fields": {"action_time": "2017-03-14T17:03:03.744Z", "user": 1, "content_type": 7, "object_id": "2", "object_repr": "home_02", "action_flag": 2, "change_message": "[{\"changed\": {\"fields\": [\"youtube_url\", \"document\"]}}]"}}, {"model": "admin.logentry", "pk": 130, "fields": {"action_time": "2017-03-14T17:03:18.278Z", "user": 1, "content_type": 7, "object_id": "3", "object_repr": "home_03", "action_flag": 2, "change_message": "[{\"changed\": {\"fields\": [\"document\"]}}]"}}, {"model": "admin.logentry", "pk": 131, "fields": {"action_time": "2017-03-15T08:12:29.177Z", "user": 1, "content_type": 25, "object_id": "1", "object_repr": "SiteConfiguration object", "action_flag": 2, "change_message": "[{\"changed\": {\"fields\": [\"address\"]}}]"}}, {"model": "admin.logentry", "pk": 132, "fields": {"action_time": "2017-03-15T08:12:37.635Z", "user": 1, "content_type": 25, "object_id": "1", "object_repr": "SiteConfiguration object", "action_flag": 2, "change_message": "[{\"changed\": {\"fields\": [\"mission_text\"]}}]"}}, {"model": "admin.logentry", "pk": 133, "fields": {"action_time": "2017-03-15T08:12:54.588Z", "user": 1, "content_type": 25, "object_id": "1", "object_repr": "SiteConfiguration object", "action_flag": 2, "change_message": "[{\"changed\": {\"fields\": [\"mission_text\"]}}]"}}, {"model": "admin.logentry", "pk": 134, "fields": {"action_time": "2017-03-15T08:24:08.923Z", "user": 1, "content_type": 25, "object_id": "1", "object_repr": "SiteConfiguration object", "action_flag": 2, "change_message": "[{\"changed\": {\"fields\": [\"mission_text\", \"aboutus_text\"]}}]"}}, {"model": "admin.logentry", "pk": 135, "fields": {"action_time": "2017-03-15T08:24:47.293Z", "user": 1, "content_type": 25, "object_id": "1", "object_repr": "SiteConfiguration object", "action_flag": 2, "change_message": "[]"}}, {"model": "admin.logentry", "pk": 136, "fields": {"action_time": "2017-03-15T08:25:13.999Z", "user": 1, "content_type": 25, "object_id": "1", "object_repr": "SiteConfiguration object", "action_flag": 2, "change_message": "[{\"changed\": {\"fields\": [\"aboutus_text\"]}}]"}}, {"model": "admin.logentry", "pk": 137, "fields": {"action_time": "2017-03-15T08:25:39.890Z", "user": 1, "content_type": 25, "object_id": "1", "object_repr": "SiteConfiguration object", "action_flag": 2, "change_message": "[{\"changed\": {\"fields\": [\"aboutus_text\"]}}]"}}, {"model": "admin.logentry", "pk": 138, "fields": {"action_time": "2017-03-15T08:26:42.590Z", "user": 1, "content_type": 25, "object_id": "1", "object_repr": "SiteConfiguration object", "action_flag": 2, "change_message": "[{\"changed\": {\"fields\": [\"aboutus_text\"]}}]"}}, {"model": "admin.logentry", "pk": 139, "fields": {"action_time": "2017-03-15T08:38:45.242Z", "user": 1, "content_type": 25, "object_id": "1", "object_repr": "SiteConfiguration object", "action_flag": 2, "change_message": "[{\"changed\": {\"fields\": [\"mission_text\", \"vision_text\", \"partner_text\", \"company_info\"]}}]"}}, {"model": "admin.logentry", "pk": 140, "fields": {"action_time": "2017-03-15T09:05:38.103Z", "user": 1, "content_type": 25, "object_id": "1", "object_repr": "SiteConfiguration object", "action_flag": 2, "change_message": "[{\"changed\": {\"fields\": [\"slider_background\"]}}]"}}, {"model": "admin.logentry", "pk": 141, "fields": {"action_time": "2017-03-15T09:06:04.611Z", "user": 1, "content_type": 25, "object_id": "1", "object_repr": "SiteConfiguration object", "action_flag": 2, "change_message": "[]"}}, {"model": "admin.logentry", "pk": 142, "fields": {"action_time": "2017-03-15T09:08:00.262Z", "user": 1, "content_type": 25, "object_id": "1", "object_repr": "SiteConfiguration object", "action_flag": 2, "change_message": "[]"}}, {"model": "admin.logentry", "pk": 143, "fields": {"action_time": "2017-03-15T09:08:36.030Z", "user": 1, "content_type": 25, "object_id": "1", "object_repr": "SiteConfiguration object", "action_flag": 2, "change_message": "[{\"changed\": {\"fields\": [\"slider_years\"]}}]"}}, {"model": "admin.logentry", "pk": 144, "fields": {"action_time": "2017-03-15T09:09:29.668Z", "user": 1, "content_type": 25, "object_id": "1", "object_repr": "SiteConfiguration object", "action_flag": 2, "change_message": "[{\"changed\": {\"fields\": [\"slider_years\"]}}]"}}, {"model": "admin.logentry", "pk": 145, "fields": {"action_time": "2017-03-15T09:15:19.270Z", "user": 1, "content_type": 25, "object_id": "1", "object_repr": "SiteConfiguration object", "action_flag": 2, "change_message": "[{\"changed\": {\"fields\": [\"slider_subtitle\", \"slider_years_caption\"]}}]"}}, {"model": "admin.logentry", "pk": 146, "fields": {"action_time": "2017-03-15T09:21:48.730Z", "user": 1, "content_type": 25, "object_id": "1", "object_repr": "SiteConfiguration object", "action_flag": 2, "change_message": "[]"}}, {"model": "admin.logentry", "pk": 147, "fields": {"action_time": "2017-03-15T09:25:48.776Z", "user": 1, "content_type": 25, "object_id": "1", "object_repr": "SiteConfiguration object", "action_flag": 2, "change_message": "[{\"changed\": {\"fields\": [\"partner_text\"]}}]"}}, {"model": "admin.logentry", "pk": 148, "fields": {"action_time": "2017-03-15T09:28:11.187Z", "user": 1, "content_type": 25, "object_id": "1", "object_repr": "SiteConfiguration object", "action_flag": 2, "change_message": "[{\"changed\": {\"fields\": [\"partner_text\"]}}]"}}, {"model": "admin.logentry", "pk": 149, "fields": {"action_time": "2017-03-15T09:30:16.556Z", "user": 1, "content_type": 25, "object_id": "1", "object_repr": "SiteConfiguration object", "action_flag": 2, "change_message": "[{\"changed\": {\"fields\": [\"aboutus_text\"]}}]"}}, {"model": "admin.logentry", "pk": 150, "fields": {"action_time": "2017-03-16T08:45:17.903Z", "user": 1, "content_type": 16, "object_id": "5", "object_repr": "Networking", "action_flag": 1, "change_message": "[{\"added\": {}}]"}}, {"model": "admin.logentry", "pk": 151, "fields": {"action_time": "2017-03-16T08:46:47.429Z", "user": 1, "content_type": 14, "object_id": "10", "object_repr": "net1", "action_flag": 1, "change_message": "[{\"added\": {}}]"}}, {"model": "admin.logentry", "pk": 152, "fields": {"action_time": "2017-03-16T08:47:33.456Z", "user": 1, "content_type": 15, "object_id": "8", "object_repr": "Microsoft", "action_flag": 1, "change_message": "[{\"added\": {}}]"}}, {"model": "admin.logentry", "pk": 153, "fields": {"action_time": "2017-03-16T08:47:50.280Z", "user": 1, "content_type": 14, "object_id": "10", "object_repr": "net1", "action_flag": 2, "change_message": "[{\"changed\": {\"fields\": [\"category\"]}}]"}}, {"model": "admin.logentry", "pk": 154, "fields": {"action_time": "2017-03-16T08:49:15.667Z", "user": 1, "content_type": 16, "object_id": "5", "object_repr": "Networking", "action_flag": 2, "change_message": "[{\"changed\": {\"fields\": [\"order\"]}}]"}}, {"model": "admin.logentry", "pk": 155, "fields": {"action_time": "2017-03-16T08:50:01.528Z", "user": 1, "content_type": 15, "object_id": "9", "object_repr": "PSC Coaching", "action_flag": 1, "change_message": "[{\"added\": {}}]"}}, {"model": "admin.logentry", "pk": 156, "fields": {"action_time": "2017-03-16T08:50:27.383Z", "user": 1, "content_type": 15, "object_id": "10", "object_repr": "Bank Coaching", "action_flag": 1, "change_message": "[{\"added\": {}}]"}}, {"model": "admin.logentry", "pk": 157, "fields": {"action_time": "2017-03-16T08:51:17.233Z", "user": 1, "content_type": 14, "object_id": "11", "object_repr": "test2", "action_flag": 1, "change_message": "[{\"added\": {}}]"}}, {"model": "admin.logentry", "pk": 158, "fields": {"action_time": "2017-03-16T08:51:52.361Z", "user": 1, "content_type": 14, "object_id": "12", "object_repr": "test2", "action_flag": 1, "change_message": "[{\"added\": {}}]"}}, {"model": "admin.logentry", "pk": 159, "fields": {"action_time": "2017-03-16T08:53:33.520Z", "user": 1, "content_type": 16, "object_id": "6", "object_repr": "Home Schooling", "action_flag": 1, "change_message": "[{\"added\": {}}]"}}, {"model": "admin.logentry", "pk": 160, "fields": {"action_time": "2017-03-16T08:54:11.209Z", "user": 1, "content_type": 16, "object_id": "7", "object_repr": "Faith Formation", "action_flag": 1, "change_message": "[{\"added\": {}}]"}}, {"model": "admin.logentry", "pk": 161, "fields": {"action_time": "2017-03-18T09:23:01.964Z", "user": 1, "content_type": 14, "object_id": "9", "object_repr": "mba_2017", "action_flag": 2, "change_message": "[{\"changed\": {\"fields\": [\"details_text\"]}}]"}}, {"model": "admin.logentry", "pk": 162, "fields": {"action_time": "2017-03-21T10:49:20.688Z", "user": 1, "content_type": 25, "object_id": "1", "object_repr": "SiteConfiguration object", "action_flag": 2, "change_message": "[{\"changed\": {\"fields\": [\"company_logo\"]}}]"}}, {"model": "admin.logentry", "pk": 163, "fields": {"action_time": "2017-03-21T10:49:39.457Z", "user": 1, "content_type": 25, "object_id": "1", "object_repr": "SiteConfiguration object", "action_flag": 2, "change_message": "[{\"changed\": {\"fields\": [\"company_info_footer\"]}}]"}}, {"model": "admin.logentry", "pk": 164, "fields": {"action_time": "2017-03-21T11:02:31.340Z", "user": 1, "content_type": 27, "object_id": "1", "object_repr": "tutition_overview", "action_flag": 1, "change_message": "[{\"added\": {}}]"}}, {"model": "admin.logentry", "pk": 165, "fields": {"action_time": "2017-03-21T11:03:02.862Z", "user": 1, "content_type": 27, "object_id": "1", "object_repr": "tutition_overview", "action_flag": 2, "change_message": "[]"}}, {"model": "admin.logentry", "pk": 166, "fields": {"action_time": "2017-03-21T11:04:16.729Z", "user": 1, "content_type": 27, "object_id": "1", "object_repr": "tutition_overview", "action_flag": 2, "change_message": "[]"}}, {"model": "admin.logentry", "pk": 167, "fields": {"action_time": "2017-03-21T11:06:50.123Z", "user": 1, "content_type": 27, "object_id": "2", "object_repr": "tutition_need", "action_flag": 1, "change_message": "[{\"added\": {}}]"}}, {"model": "admin.logentry", "pk": 168, "fields": {"action_time": "2017-03-21T12:04:50.203Z", "user": 1, "content_type": 27, "object_id": "2", "object_repr": "tutition_need", "action_flag": 3, "change_message": ""}}, {"model": "admin.logentry", "pk": 169, "fields": {"action_time": "2017-03-21T12:04:50.206Z", "user": 1, "content_type": 27, "object_id": "1", "object_repr": "tutition_overview", "action_flag": 3, "change_message": ""}}, {"model": "admin.logentry", "pk": 170, "fields": {"action_time": "2017-03-21T12:08:29.983Z", "user": 1, "content_type": 27, "object_id": "3", "object_repr": "tutition_overview", "action_flag": 1, "change_message": "[{\"added\": {}}]"}}, {"model": "admin.logentry", "pk": 171, "fields": {"action_time": "2017-03-21T12:09:41.110Z", "user": 1, "content_type": 27, "object_id": "4", "object_repr": "tutition_need", "action_flag": 1, "change_message": "[{\"added\": {}}]"}}, {"model": "admin.logentry", "pk": 172, "fields": {"action_time": "2017-03-21T15:53:23.479Z", "user": 1, "content_type": 27, "object_id": "5", "object_repr": "tution_about", "action_flag": 1, "change_message": "[{\"added\": {}}]"}}, {"model": "admin.logentry", "pk": 173, "fields": {"action_time": "2017-03-21T15:53:35.064Z", "user": 1, "content_type": 27, "object_id": "5", "object_repr": "tution_about", "action_flag": 2, "change_message": "[{\"changed\": {\"fields\": [\"course\"]}}]"}}, {"model": "admin.logentry", "pk": 174, "fields": {"action_time": "2017-03-22T01:49:56.770Z", "user": 1, "content_type": 27, "object_id": "5", "object_repr": "tution_about", "action_flag": 2, "change_message": "[{\"changed\": {\"fields\": [\"details_text\"]}}]"}}, {"model": "admin.logentry", "pk": 175, "fields": {"action_time": "2017-03-23T10:01:34.258Z", "user": 1, "content_type": 27, "object_id": "4", "object_repr": "tutition_need", "action_flag": 2, "change_message": "[{\"changed\": {\"fields\": [\"order\"]}}]"}}, {"model": "admin.logentry", "pk": 176, "fields": {"action_time": "2017-03-23T10:01:41.593Z", "user": 1, "content_type": 27, "object_id": "5", "object_repr": "tution_about", "action_flag": 2, "change_message": "[{\"changed\": {\"fields\": [\"order\"]}}]"}}, {"model": "admin.logentry", "pk": 177, "fields": {"action_time": "2017-03-23T10:01:46.825Z", "user": 1, "content_type": 27, "object_id": "3", "object_repr": "tutition_overview", "action_flag": 2, "change_message": "[{\"changed\": {\"fields\": [\"order\"]}}]"}}, {"model": "admin.logentry", "pk": 178, "fields": {"action_time": "2017-03-23T10:02:07.147Z", "user": 1, "content_type": 27, "object_id": "4", "object_repr": "tutition_need", "action_flag": 2, "change_message": "[{\"changed\": {\"fields\": [\"order\"]}}]"}}, {"model": "admin.logentry", "pk": 179, "fields": {"action_time": "2017-03-23T10:02:10.695Z", "user": 1, "content_type": 27, "object_id": "5", "object_repr": "tution_about", "action_flag": 2, "change_message": "[]"}}, {"model": "admin.logentry", "pk": 180, "fields": {"action_time": "2017-03-23T10:02:18.908Z", "user": 1, "content_type": 27, "object_id": "3", "object_repr": "tutition_overview", "action_flag": 2, "change_message": "[]"}}, {"model": "admin.logentry", "pk": 181, "fields": {"action_time": "2017-03-23T12:17:32.423Z", "user": 1, "content_type": 25, "object_id": "1", "object_repr": "SiteConfiguration object", "action_flag": 2, "change_message": "[{\"changed\": {\"fields\": [\"phone\"]}}]"}}, {"model": "admin.logentry", "pk": 182, "fields": {"action_time": "2017-03-23T13:13:17.488Z", "user": 1, "content_type": 25, "object_id": "1", "object_repr": "SiteConfiguration object", "action_flag": 2, "change_message": "[{\"changed\": {\"fields\": [\"boards_photo\", \"methodology_image\"]}}]"}}, {"model": "admin.logentry", "pk": 183, "fields": {"action_time": "2017-03-24T07:08:41.371Z", "user": 1, "content_type": 25, "object_id": "1", "object_repr": "SiteConfiguration object", "action_flag": 2, "change_message": "[{\"changed\": {\"fields\": [\"about_tandem_image\"]}}]"}}, {"model": "admin.logentry", "pk": 184, "fields": {"action_time": "2017-03-24T07:12:11.400Z", "user": 1, "content_type": 25, "object_id": "1", "object_repr": "SiteConfiguration object", "action_flag": 2, "change_message": "[{\"changed\": {\"fields\": [\"about_tandem_image\"]}}]"}}, {"model": "admin.logentry", "pk": 185, "fields": {"action_time": "2017-03-24T07:13:08.785Z", "user": 1, "content_type": 25, "object_id": "1", "object_repr": "SiteConfiguration object", "action_flag": 2, "change_message": "[{\"changed\": {\"fields\": [\"about_tandem_image\"]}}]"}}, {"model": "admin.logentry", "pk": 186, "fields": {"action_time": "2017-03-24T07:13:25.534Z", "user": 1, "content_type": 25, "object_id": "1", "object_repr": "SiteConfiguration object", "action_flag": 2, "change_message": "[{\"changed\": {\"fields\": [\"about_tandem_image\"]}}]"}}, {"model": "admin.logentry", "pk": 187, "fields": {"action_time": "2017-03-24T16:54:12.097Z", "user": 1, "content_type": 11, "object_id": "2", "object_repr": "exam02", "action_flag": 2, "change_message": "[{\"changed\": {\"fields\": [\"details_text\"]}}]"}}, {"model": "admin.logentry", "pk": 188, "fields": {"action_time": "2017-03-24T16:54:17.850Z", "user": 1, "content_type": 11, "object_id": "1", "object_repr": "exam01", "action_flag": 2, "change_message": "[{\"changed\": {\"fields\": [\"details_text\"]}}]"}}, {"model": "admin.logentry", "pk": 189, "fields": {"action_time": "2017-03-24T17:50:26.890Z", "user": 1, "content_type": 8, "object_id": "1", "object_repr": "slogan01", "action_flag": 2, "change_message": "[{\"changed\": {\"fields\": [\"icon\"]}}]"}}, {"model": "admin.logentry", "pk": 190, "fields": {"action_time": "2017-03-24T18:32:36.517Z", "user": 1, "content_type": 8, "object_id": "2", "object_repr": "slogan02", "action_flag": 2, "change_message": "[{\"changed\": {\"fields\": [\"background\"]}}]"}}, {"model": "admin.logentry", "pk": 191, "fields": {"action_time": "2017-03-24T18:33:08.340Z", "user": 1, "content_type": 8, "object_id": "1", "object_repr": "slogan01", "action_flag": 2, "change_message": "[{\"changed\": {\"fields\": [\"background\"]}}]"}}, {"model": "admin.logentry", "pk": 192, "fields": {"action_time": "2017-03-27T07:05:42.054Z", "user": 1, "content_type": 25, "object_id": "1", "object_repr": "SiteConfiguration object", "action_flag": 2, "change_message": "[{\"changed\": {\"fields\": [\"popup_text\", \"popup_image\"]}}]"}}, {"model": "admin.logentry", "pk": 193, "fields": {"action_time": "2017-03-27T07:06:20.482Z", "user": 1, "content_type": 25, "object_id": "1", "object_repr": "SiteConfiguration object", "action_flag": 2, "change_message": "[]"}}, {"model": "admin.logentry", "pk": 194, "fields": {"action_time": "2017-03-27T07:10:46.532Z", "user": 1, "content_type": 25, "object_id": "1", "object_repr": "SiteConfiguration object", "action_flag": 2, "change_message": "[{\"changed\": {\"fields\": [\"popup_enabled\"]}}]"}}, {"model": "admin.logentry", "pk": 195, "fields": {"action_time": "2017-03-27T08:28:47.737Z", "user": 1, "content_type": 25, "object_id": "1", "object_repr": "SiteConfiguration object", "action_flag": 2, "change_message": "[{\"changed\": {\"fields\": [\"popup_image\"]}}]"}}, {"model": "admin.logentry", "pk": 196, "fields": {"action_time": "2017-03-27T08:28:57.495Z", "user": 1, "content_type": 25, "object_id": "1", "object_repr": "SiteConfiguration object", "action_flag": 2, "change_message": "[]"}}, {"model": "admin.logentry", "pk": 197, "fields": {"action_time": "2017-03-30T10:08:43.313Z", "user": 1, "content_type": 23, "object_id": "2", "object_repr": "tvm", "action_flag": 2, "change_message": "[]"}}, {"model": "admin.logentry", "pk": 198, "fields": {"action_time": "2017-03-30T10:08:49.021Z", "user": 1, "content_type": 23, "object_id": "1", "object_repr": "ernakulam01", "action_flag": 2, "change_message": "[{\"changed\": {\"fields\": [\"order\"]}}]"}}]