[{"model": "contenttypes.contenttype", "pk": 1, "fields": {"app_label": "admin", "model": "logentry"}}, {"model": "contenttypes.contenttype", "pk": 2, "fields": {"app_label": "auth", "model": "group"}}, {"model": "contenttypes.contenttype", "pk": 3, "fields": {"app_label": "auth", "model": "user"}}, {"model": "contenttypes.contenttype", "pk": 4, "fields": {"app_label": "auth", "model": "permission"}}, {"model": "contenttypes.contenttype", "pk": 5, "fields": {"app_label": "contenttypes", "model": "contenttype"}}, {"model": "contenttypes.contenttype", "pk": 6, "fields": {"app_label": "sessions", "model": "session"}}, {"model": "contenttypes.contenttype", "pk": 7, "fields": {"app_label": "posts", "model": "notice"}}, {"model": "contenttypes.contenttype", "pk": 8, "fields": {"app_label": "posts", "model": "slogan"}}, {"model": "contenttypes.contenttype", "pk": 9, "fields": {"app_label": "posts", "model": "mock"}}, {"model": "contenttypes.contenttype", "pk": 10, "fields": {"app_label": "posts", "model": "news"}}, {"model": "contenttypes.contenttype", "pk": 11, "fields": {"app_label": "posts", "model": "video"}}, {"model": "contenttypes.contenttype", "pk": 12, "fields": {"app_label": "posts", "model": "exam"}}, {"model": "contenttypes.contenttype", "pk": 13, "fields": {"app_label": "posts", "model": "testimonial"}}, {"model": "contenttypes.contenttype", "pk": 14, "fields": {"app_label": "posts", "model": "course"}}, {"model": "contenttypes.contenttype", "pk": 15, "fields": {"app_label": "posts", "model": "stream"}}, {"model": "contenttypes.contenttype", "pk": 16, "fields": {"app_label": "posts", "model": "coursecategory"}}, {"model": "contenttypes.contenttype", "pk": 17, "fields": {"app_label": "django_summernote", "model": "attachment"}}, {"model": "contenttypes.contenttype", "pk": 18, "fields": {"app_label": "posts", "model": "document"}}, {"model": "contenttypes.contenttype", "pk": 19, "fields": {"app_label": "posts", "model": "topscorer"}}, {"model": "contenttypes.contenttype", "pk": 20, "fields": {"app_label": "posts", "model": "result"}}, {"model": "contenttypes.contenttype", "pk": 21, "fields": {"app_label": "posts", "model": "contact"}}, {"model": "contenttypes.contenttype", "pk": 22, "fields": {"app_label": "posts", "model": "center"}}, {"model": "contenttypes.contenttype", "pk": 23, "fields": {"app_label": "posts", "model": "division"}}, {"model": "contenttypes.contenttype", "pk": 24, "fields": {"app_label": "posts", "model": "siteconfiguration"}}, {"model": "contenttypes.contenttype", "pk": 25, "fields": {"app_label": "posts", "model": "coursedetail"}}, {"model": "sessions.session", "pk": "3phvsa5factnx6inz9rtlfyeus5mx61u", "fields": {"session_data": "MmZlMTFmYjA5NGFmZWY0MjA5MWYwOGJmMGYzM2MyMDczODVjYjNlYjp7Il9hdXRoX3VzZXJfaGFzaCI6IjRjMzU2ODAxZjY4NmY2OTkzMGMyNjAwNjBmN2Q1MjBmMDE3ZmJiYzkiLCJfYXV0aF91c2VyX2JhY2tlbmQiOiJkamFuZ28uY29udHJpYi5hdXRoLmJhY2tlbmRzLk1vZGVsQmFja2VuZCIsIl9hdXRoX3VzZXJfaWQiOiIxIn0=", "expire_date": "2017-03-08T09:41:03.213Z"}}, {"model": "sessions.session", "pk": "6zn81lrf1i2p7w86plyv3gn3c8uauhnv", "fields": {"session_data": "ZmRkNDM5Y2Q0OGE4M2MzZDkxYzE5YzU3MzI0ZTU0OWMyOWM4ZTkyYzp7Il9hdXRoX3VzZXJfYmFja2VuZCI6ImRqYW5nby5jb250cmliLmF1dGguYmFja2VuZHMuTW9kZWxCYWNrZW5kIiwiX2F1dGhfdXNlcl9oYXNoIjoiODZlMjg0ZTczNWRhN2E2YTZiMzIyZjUyN2Y2ZjgxOWY0OGFjNWUxZiIsIl9hdXRoX3VzZXJfaWQiOiIyIn0=", "expire_date": "2017-04-08T13:57:15.068Z"}}, {"model": "sessions.session", "pk": "7xzwyg31xsakyuhn3k49k9zinugu28p8", "fields": {"session_data": "MGQzY2VhNzVjYTEyMWYwZDNkYzExZDRhMzQ3ODM5ZDc2NjJhNDY4ZTp7Il9hdXRoX3VzZXJfaGFzaCI6Ijg2ZTI4NGU3MzVkYTdhNmE2YjMyMmY1MjdmNmY4MTlmNDhhYzVlMWYiLCJfYXV0aF91c2VyX2JhY2tlbmQiOiJkamFuZ28uY29udHJpYi5hdXRoLmJhY2tlbmRzLk1vZGVsQmFja2VuZCIsIl9hdXRoX3VzZXJfaWQiOiIyIn0=", "expire_date": "2017-04-10T03:43:57.805Z"}}, {"model": "sessions.session", "pk": "digfrq68mol3vr0zui704dpqoomtcopu", "fields": {"session_data": "Yzg5NWIwYTdmOTI1ZjI1MDUyY2YwMGMxOTUxN2M2NmU4ZGNkMTA5OTp7Il9hdXRoX3VzZXJfYmFja2VuZCI6ImRqYW5nby5jb250cmliLmF1dGguYmFja2VuZHMuTW9kZWxCYWNrZW5kIiwiX2F1dGhfdXNlcl9oYXNoIjoiNGMzNTY4MDFmNjg2ZjY5OTMwYzI2MDA2MGY3ZDUyMGYwMTdmYmJjOSIsIl9hdXRoX3VzZXJfaWQiOiIxIn0=", "expire_date": "2017-04-06T10:51:13.464Z"}}, {"model": "sessions.session", "pk": "nijbritmhtncdzse6fnpryi1wkmwvbsw", "fields": {"session_data": "OTk4MGJiNWYxODlkYjFkZDVlY2MwMGE1MGMxZDMyMzZlNjlhYTdlNjp7Il9hdXRoX3VzZXJfYmFja2VuZCI6ImRqYW5nby5jb250cmliLmF1dGguYmFja2VuZHMuTW9kZWxCYWNrZW5kIiwiX2F1dGhfdXNlcl9pZCI6IjEiLCJfYXV0aF91c2VyX2hhc2giOiI0YzM1NjgwMWY2ODZmNjk5MzBjMjYwMDYwZjdkNTIwZjAxN2ZiYmM5In0=", "expire_date": "2017-03-22T13:02:53.692Z"}}, {"model": "sessions.session", "pk": "wene0b9w496pjlslq2l303c7edhlw726", "fields": {"session_data": "MmZlMTFmYjA5NGFmZWY0MjA5MWYwOGJmMGYzM2MyMDczODVjYjNlYjp7Il9hdXRoX3VzZXJfaGFzaCI6IjRjMzU2ODAxZjY4NmY2OTkzMGMyNjAwNjBmN2Q1MjBmMDE3ZmJiYzkiLCJfYXV0aF91c2VyX2JhY2tlbmQiOiJkamFuZ28uY29udHJpYi5hdXRoLmJhY2tlbmRzLk1vZGVsQmFja2VuZCIsIl9hdXRoX3VzZXJfaWQiOiIxIn0=", "expire_date": "2017-03-28T09:14:43.315Z"}}, {"model": "sessions.session", "pk": "xegu36nq5pts3i17rs7nvrhs253znhdq", "fields": {"session_data": "OTk4MGJiNWYxODlkYjFkZDVlY2MwMGE1MGMxZDMyMzZlNjlhYTdlNjp7Il9hdXRoX3VzZXJfYmFja2VuZCI6ImRqYW5nby5jb250cmliLmF1dGguYmFja2VuZHMuTW9kZWxCYWNrZW5kIiwiX2F1dGhfdXNlcl9pZCI6IjEiLCJfYXV0aF91c2VyX2hhc2giOiI0YzM1NjgwMWY2ODZmNjk5MzBjMjYwMDYwZjdkNTIwZjAxN2ZiYmM5In0=", "expire_date": "2017-02-28T06:46:50.896Z"}}, {"model": "sessions.session", "pk": "ybobefef5z0scjjkikswguv873bgixt5", "fields": {"session_data": "MGU1MGY1MzJmMTY3ZjkxN2Q5NzVkMWRhZmQ3MWViMThjNjliNTZjNDp7Il9hdXRoX3VzZXJfaWQiOiIyIiwiX2F1dGhfdXNlcl9iYWNrZW5kIjoiZGphbmdvLmNvbnRyaWIuYXV0aC5iYWNrZW5kcy5Nb2RlbEJhY2tlbmQiLCJvcmlnaW5hbF91c2VyIjp7ImlkIjoxLCJ1c2VybmFtZSI6ImFkbWluIn0sIl9hdXRoX3VzZXJfaGFzaCI6Ijg2ZTI4NGU3MzVkYTdhNmE2YjMyMmY1MjdmNmY4MTlmNDhhYzVlMWYifQ==", "expire_date": "2017-03-24T13:29:10.359Z"}}, {"model": "posts.siteconfiguration", "pk": 1, "fields": {"support_email": "support@tandemglobal.com", "phone": "+91 484-3040175 | 2366756", "address": "2ND FLOOR, STR COMPLEX, VEEKSHANAM ROAD,  OPP. INTERNATIONAL HOTEL,  ERNAKULAM 682035.", "slider_title_line1": "MOST", "slider_title_line2": "TRUSTED", "slider_subtitle": "EDUCATION BRAND OF KERALA", "slider_years": "23", "slider_years_caption": "Trusted Years", "slider_background": "slider/slider1.jpg", "twitter_url": "#", "facebook_url": "#", "google_url": "#", "linkedin_url": "#", "youtube_channel_url": "#", "training_methodology": "All of you are aspiring to become a very successful engineer, doctor or scientist in your life. In order to achieve this you need a lot of learning, preparation and skills. We are there to help you by providing a methodology which practically helps every student to achieve their goals. We designed our academic curriculum through excellent classroom teaching by experienced faculty, impeccable comprehensive study material, daily practical assignments and continuous comprehensive evaluation to identify pinprick that hamper your performance. So come to TANDEM with aspirations and the attitude to learn our curriculum then definitely you can go back as a successful doctor, engineer or a scientist.", "boards_message": "", "boards_photo": "methodology/notice_2HkpV4s.jpg", "methodology_image": "methodology/side-add_jIVwBRA.jpg", "aboutus_text": "TANDEM is a name in the education sector, familiar to almost every household in the state of Kerala.  Serving long in the education industry, TANDEM has been instrumental in shaping the lives of thousands of students across the length and breadth of the state. Tens of thousands of students have realised their dreams in becoming Engineers, Doctors, Accountants and other professionals since its inception in 1994. \u2018TANDEM\u2019 operates in multiple locations in Kerala offering coaching in Science, Commerce and allied streams.\r\n\r\nTANDEM operates in the education space offering coaching, content development, test preparation, counselling and consulting for various professional and degree courses in India.  It is promoted by a group of young and aspiring team of professionals from the education industry. \r\n\r\nTANDEM\u2019s entrance coaching division offers class room coaching for various national and state level engineering and medical entrance examinations (JEE Mains/Advanced, NEET, KEAM) through its campuses.  Similar programs are also conducted through various schools/institutions across the state. Along with entrance preparations, tuition classes are also provided for board examinations support for 8th standard to 12th standard students. High school students aspiring for admissions into the National Institutes for Engineering and Medicine are offered the foundation program. Faculty at \u2018TANDEM\u2019 are highly qualified, experienced and renowned teachers from the industry. Dr. Radha Vijayan, with more than two decades of experience in the industry, in content development, counselling and coaching,heads the academics for the division.\r\n\r\nTANDEM\u2019s Commerce Coaching division offers tuition classes for regular University Programs (Private registrations) like Bachelor in Commerce, Master in Commerce, and Bachelor in Artsetc. TANDEM, a popular name for commerce degree aspirants regularly produces the best results for the respective universities. TANDEM, lately is also a sought after destination for students taking up National and State Open University Courses. Strict discipline is followed at its campuses. Students are encouraged to participate in various co-curricular and extra-curricular activities. Robustly equipped with its courseware, expertise of teachers, attention to individual students, optimum student teacher ratio and well set classrooms, \u2018TANDEM\u2019 distinctly stands out from the crowd. \r\n\r\nOur Vision\r\n\r\nOur Vision is to lead the way in shaping the lives of every aspiring young mind by counselling, coaching and motivating them become professionals of their choice. \r\n\r\nOur Mission\r\n\r\n\u2022\tTo provide end-to-end education solutions in the K-12 and higher education segment\r\n\r\n\u2022\tTo become a leader in the education services field.\r\n\r\n\u2022\tTo identify, train and retain the best talent to ensure industry best deliverables across solutions.\r\n\r\n\u2022\tTo create comprehensive educational content that can be delivered through a series of innovative mechanisms, thus removing the physical and cultural barriers in knowledge dissemination.\r\n\r\n\u2022\tTo be an agent of transformation by creating interfaces that allows education to reach all segments of the society.", "about_tandem_image": "about/about_tandem.jpg", "partner_text": "", "company_info": "Eduexcel India operates in the education space offering coaching, content development, test preparation, counselling and consulting for various professional and degree courses in India. Eduexcel India is promoted by a group of young and aspiring team of professionals from the education industry. Giving due recognition to the demand for quality in education, Eduexcel proposes to offer superior solutions in all its deliverables. \u2018TANDEM\u2019, a 22 year old brand name in the tutorial segment in Kerala, is owned by Eduexcel India.", "company_info_footer": "Eduexcel India operates in the education space offering coaching, content development, test preparation, counselling and consulting for various professional and degree courses in India.\u2018TANDEM\u2019, a 22 year old brand name in the tutorial segment in Kerala, is owned by Eduexcel India.", "company_logo": "logo/eduexcel-logo.png", "popup_enabled": false, "popup_title": "Attention", "popup_text": "JEE, NEET/KEAM", "popup_image": "home/A_New_Design.jpg"}}, {"model": "auth.permission", "pk": 1, "fields": {"name": "Can add log entry", "content_type": 1, "codename": "add_logentry"}}, {"model": "auth.permission", "pk": 2, "fields": {"name": "Can change log entry", "content_type": 1, "codename": "change_logentry"}}, {"model": "auth.permission", "pk": 3, "fields": {"name": "Can delete log entry", "content_type": 1, "codename": "delete_logentry"}}, {"model": "auth.permission", "pk": 4, "fields": {"name": "Can add group", "content_type": 2, "codename": "add_group"}}, {"model": "auth.permission", "pk": 5, "fields": {"name": "Can change group", "content_type": 2, "codename": "change_group"}}, {"model": "auth.permission", "pk": 6, "fields": {"name": "Can delete group", "content_type": 2, "codename": "delete_group"}}, {"model": "auth.permission", "pk": 7, "fields": {"name": "Can add user", "content_type": 3, "codename": "add_user"}}, {"model": "auth.permission", "pk": 8, "fields": {"name": "Can change user", "content_type": 3, "codename": "change_user"}}, {"model": "auth.permission", "pk": 9, "fields": {"name": "Can delete user", "content_type": 3, "codename": "delete_user"}}, {"model": "auth.permission", "pk": 10, "fields": {"name": "Can add permission", "content_type": 4, "codename": "add_permission"}}, {"model": "auth.permission", "pk": 11, "fields": {"name": "Can change permission", "content_type": 4, "codename": "change_permission"}}, {"model": "auth.permission", "pk": 12, "fields": {"name": "Can delete permission", "content_type": 4, "codename": "delete_permission"}}, {"model": "auth.permission", "pk": 13, "fields": {"name": "Can add content type", "content_type": 5, "codename": "add_contenttype"}}, {"model": "auth.permission", "pk": 14, "fields": {"name": "Can change content type", "content_type": 5, "codename": "change_contenttype"}}, {"model": "auth.permission", "pk": 15, "fields": {"name": "Can delete content type", "content_type": 5, "codename": "delete_contenttype"}}, {"model": "auth.permission", "pk": 16, "fields": {"name": "Can add session", "content_type": 6, "codename": "add_session"}}, {"model": "auth.permission", "pk": 17, "fields": {"name": "Can change session", "content_type": 6, "codename": "change_session"}}, {"model": "auth.permission", "pk": 18, "fields": {"name": "Can delete session", "content_type": 6, "codename": "delete_session"}}, {"model": "auth.permission", "pk": 19, "fields": {"name": "Can add notice", "content_type": 7, "codename": "add_notice"}}, {"model": "auth.permission", "pk": 20, "fields": {"name": "Can change notice", "content_type": 7, "codename": "change_notice"}}, {"model": "auth.permission", "pk": 21, "fields": {"name": "Can delete notice", "content_type": 7, "codename": "delete_notice"}}, {"model": "auth.permission", "pk": 22, "fields": {"name": "Can add slogan", "content_type": 8, "codename": "add_slogan"}}, {"model": "auth.permission", "pk": 23, "fields": {"name": "Can change slogan", "content_type": 8, "codename": "change_slogan"}}, {"model": "auth.permission", "pk": 24, "fields": {"name": "Can delete slogan", "content_type": 8, "codename": "delete_slogan"}}, {"model": "auth.permission", "pk": 25, "fields": {"name": "Can add mock", "content_type": 9, "codename": "add_mock"}}, {"model": "auth.permission", "pk": 26, "fields": {"name": "Can change mock", "content_type": 9, "codename": "change_mock"}}, {"model": "auth.permission", "pk": 27, "fields": {"name": "Can delete mock", "content_type": 9, "codename": "delete_mock"}}, {"model": "auth.permission", "pk": 28, "fields": {"name": "Can add news", "content_type": 10, "codename": "add_news"}}, {"model": "auth.permission", "pk": 29, "fields": {"name": "Can change news", "content_type": 10, "codename": "change_news"}}, {"model": "auth.permission", "pk": 30, "fields": {"name": "Can delete news", "content_type": 10, "codename": "delete_news"}}, {"model": "auth.permission", "pk": 31, "fields": {"name": "Can add video", "content_type": 11, "codename": "add_video"}}, {"model": "auth.permission", "pk": 32, "fields": {"name": "Can change video", "content_type": 11, "codename": "change_video"}}, {"model": "auth.permission", "pk": 33, "fields": {"name": "Can delete video", "content_type": 11, "codename": "delete_video"}}, {"model": "auth.permission", "pk": 34, "fields": {"name": "Can add exam", "content_type": 12, "codename": "add_exam"}}, {"model": "auth.permission", "pk": 35, "fields": {"name": "Can change exam", "content_type": 12, "codename": "change_exam"}}, {"model": "auth.permission", "pk": 36, "fields": {"name": "Can delete exam", "content_type": 12, "codename": "delete_exam"}}, {"model": "auth.permission", "pk": 37, "fields": {"name": "Can add testimonial", "content_type": 13, "codename": "add_testimonial"}}, {"model": "auth.permission", "pk": 38, "fields": {"name": "Can change testimonial", "content_type": 13, "codename": "change_testimonial"}}, {"model": "auth.permission", "pk": 39, "fields": {"name": "Can delete testimonial", "content_type": 13, "codename": "delete_testimonial"}}, {"model": "auth.permission", "pk": 40, "fields": {"name": "Can add course", "content_type": 14, "codename": "add_course"}}, {"model": "auth.permission", "pk": 41, "fields": {"name": "Can change course", "content_type": 14, "codename": "change_course"}}, {"model": "auth.permission", "pk": 42, "fields": {"name": "Can delete course", "content_type": 14, "codename": "delete_course"}}, {"model": "auth.permission", "pk": 43, "fields": {"name": "Can add stream", "content_type": 15, "codename": "add_stream"}}, {"model": "auth.permission", "pk": 44, "fields": {"name": "Can change stream", "content_type": 15, "codename": "change_stream"}}, {"model": "auth.permission", "pk": 45, "fields": {"name": "Can delete stream", "content_type": 15, "codename": "delete_stream"}}, {"model": "auth.permission", "pk": 46, "fields": {"name": "Can add course category", "content_type": 16, "codename": "add_coursecategory"}}, {"model": "auth.permission", "pk": 47, "fields": {"name": "Can change course category", "content_type": 16, "codename": "change_coursecategory"}}, {"model": "auth.permission", "pk": 48, "fields": {"name": "Can delete course category", "content_type": 16, "codename": "delete_coursecategory"}}, {"model": "auth.permission", "pk": 49, "fields": {"name": "Can add attachment", "content_type": 17, "codename": "add_attachment"}}, {"model": "auth.permission", "pk": 50, "fields": {"name": "Can change attachment", "content_type": 17, "codename": "change_attachment"}}, {"model": "auth.permission", "pk": 51, "fields": {"name": "Can delete attachment", "content_type": 17, "codename": "delete_attachment"}}, {"model": "auth.permission", "pk": 52, "fields": {"name": "Can add document", "content_type": 18, "codename": "add_document"}}, {"model": "auth.permission", "pk": 53, "fields": {"name": "Can change document", "content_type": 18, "codename": "change_document"}}, {"model": "auth.permission", "pk": 54, "fields": {"name": "Can delete document", "content_type": 18, "codename": "delete_document"}}, {"model": "auth.permission", "pk": 55, "fields": {"name": "Can add top scorer", "content_type": 19, "codename": "add_topscorer"}}, {"model": "auth.permission", "pk": 56, "fields": {"name": "Can change top scorer", "content_type": 19, "codename": "change_topscorer"}}, {"model": "auth.permission", "pk": 57, "fields": {"name": "Can delete top scorer", "content_type": 19, "codename": "delete_topscorer"}}, {"model": "auth.permission", "pk": 58, "fields": {"name": "Can add result", "content_type": 20, "codename": "add_result"}}, {"model": "auth.permission", "pk": 59, "fields": {"name": "Can change result", "content_type": 20, "codename": "change_result"}}, {"model": "auth.permission", "pk": 60, "fields": {"name": "Can delete result", "content_type": 20, "codename": "delete_result"}}, {"model": "auth.permission", "pk": 61, "fields": {"name": "Can add contact", "content_type": 21, "codename": "add_contact"}}, {"model": "auth.permission", "pk": 62, "fields": {"name": "Can change contact", "content_type": 21, "codename": "change_contact"}}, {"model": "auth.permission", "pk": 63, "fields": {"name": "Can delete contact", "content_type": 21, "codename": "delete_contact"}}, {"model": "auth.permission", "pk": 64, "fields": {"name": "Can add center", "content_type": 22, "codename": "add_center"}}, {"model": "auth.permission", "pk": 65, "fields": {"name": "Can change center", "content_type": 22, "codename": "change_center"}}, {"model": "auth.permission", "pk": 66, "fields": {"name": "Can delete center", "content_type": 22, "codename": "delete_center"}}, {"model": "auth.permission", "pk": 67, "fields": {"name": "Can add division", "content_type": 23, "codename": "add_division"}}, {"model": "auth.permission", "pk": 68, "fields": {"name": "Can change division", "content_type": 23, "codename": "change_division"}}, {"model": "auth.permission", "pk": 69, "fields": {"name": "Can delete division", "content_type": 23, "codename": "delete_division"}}, {"model": "auth.permission", "pk": 70, "fields": {"name": "Can add Site Configuration", "content_type": 24, "codename": "add_siteconfiguration"}}, {"model": "auth.permission", "pk": 71, "fields": {"name": "Can change Site Configuration", "content_type": 24, "codename": "change_siteconfiguration"}}, {"model": "auth.permission", "pk": 72, "fields": {"name": "Can delete Site Configuration", "content_type": 24, "codename": "delete_siteconfiguration"}}, {"model": "auth.permission", "pk": 73, "fields": {"name": "Can add course detail", "content_type": 25, "codename": "add_coursedetail"}}, {"model": "auth.permission", "pk": 74, "fields": {"name": "Can change course detail", "content_type": 25, "codename": "change_coursedetail"}}, {"model": "auth.permission", "pk": 75, "fields": {"name": "Can delete course detail", "content_type": 25, "codename": "delete_coursedetail"}}, {"model": "auth.group", "pk": 1, "fields": {"name": "cAdmin", "permissions": [13, 14, 15, 64, 65, 66, 61, 62, 63, 40, 41, 42, 46, 47, 48, 73, 74, 75, 67, 68, 69, 52, 53, 54, 34, 35, 36, 25, 26, 27, 28, 29, 30, 19, 20, 21, 58, 59, 60, 70, 71, 72, 22, 23, 24, 43, 44, 45, 37, 38, 39, 55, 56, 57, 31, 32, 33, 16, 17, 18]}}, {"model": "auth.user", "pk": 1, "fields": {"password": "pbkdf2_sha256$30000$GagOc3vJrcbP$UxlT/NoWluQptN6iSpX0VkmysJTu9h8IkDCAOM7K60c=", "last_login": "2017-03-27T07:21:33.494Z", "is_superuser": true, "username": "admin", "first_name": "", "last_name": "", "email": "support@missiorex.com", "is_staff": true, "is_active": true, "date_joined": "2017-02-13T10:02:46.138Z", "groups": [], "user_permissions": []}}, {"model": "auth.user", "pk": 2, "fields": {"password": "pbkdf2_sha256$30000$kxd3zwW3f5Zm$1+BUAiMYH0NYSrter8B47TD1kE1CoXJxKnffwwdQCF4=", "last_login": "2017-03-28T10:08:32.822Z", "is_superuser": false, "username": "tandem", "first_name": "", "last_name": "", "email": "", "is_staff": true, "is_active": true, "date_joined": "2017-02-20T09:38:14Z", "groups": [1], "user_permissions": [34, 35, 36, 25, 26, 27, 28, 29, 30, 19, 20, 21, 22, 23, 24, 37, 38, 39, 31, 32, 33]}}, {"model": "posts.document", "pk": 1, "fields": {"author": 1, "title": "Course Details", "file": "documents/Commerce_Bcom_q8tMuNH.pdf"}}, {"model": "posts.notice", "pk": 1, "fields": {"author": 1, "notice_id": "notice_01", "title": "FOUNDATION", "sub_title": "Admission Continues", "text": "FOUNDATION VIII,IX & X\r\n\u2022\tCommences on the month of May every year.\r\n\u2022\tEligibility: For school going students who have completed VIIth standard\r\n\u2022\tMotive: This course is meant for students to make them competent enough for All India level Entrance Exams.", "youtube_url": "", "photo": "notice/notice1_Zk1MoCr.jpg", "document": null, "created_date": "2017-02-14T10:08:42Z", "published_date": "2017-02-14T10:09:46Z"}}, {"model": "posts.notice", "pk": 2, "fields": {"author": 1, "notice_id": "notice02", "title": "TUITION 11&12", "sub_title": "Entroll Now", "text": "TUITION +ENTRANCE COACHING\r\n\r\n\u2022\tCommences: On the month of June for Plus One.\r\n                                And on the month of April for Plus Two.\r\n   \r\n\u2022\tEligibility: For school going students who are studying in Plus One and Plus Two with Science subjects.\r\n\u2022\tMotive: This course provides tuition for Plus One and Plus Two Science and Mathematics along with Engineering / Medical Entrance Coaching.", "youtube_url": "", "photo": "notice/notice2_jv55Tqo.jpg", "document": null, "created_date": "2017-02-20T06:08:43Z", "published_date": "2017-02-20T06:10:05Z"}}, {"model": "posts.notice", "pk": 3, "fields": {"author": 1, "notice_id": "notice03", "title": "JEE/NEET 2017", "sub_title": "Admission Open", "text": "CRASH COURSE 2017\r\n\r\n**REGISTRATION CONTINUES\r\n\r\n\u2022\tCommences immediately after Plus Two Board Exam\r\n\u2022\tEligibility: For school going students who have just completed their Plus Two Course.", "youtube_url": "", "photo": "notice/notice3_ePGAi1z.jpg", "document": null, "created_date": "2017-02-20T06:10:02Z", "published_date": "2017-02-20T06:10:55Z"}}, {"model": "posts.notice", "pk": 4, "fields": {"author": 1, "notice_id": "notice04", "title": "PSC Coaching", "sub_title": "2017-18 Recruitment", "text": "Lorem Ipsum is simply dummy text of the printing and typesetting industry. Lorem Ipsum has been the industry's standard dummy text ever since", "youtube_url": "", "photo": "notice/img4-1.jpg", "document": null, "created_date": "2017-02-22T12:31:23Z", "published_date": "2017-02-22T12:35:25Z"}}, {"model": "posts.slogan", "pk": 1, "fields": {"author": 1, "slogan_id": "slogan01", "title": "Courseware developed by a panel of subject experts", "sub_title": "NA", "text": "NA", "icon": "slogan/icon/pencil-and-ruler-cross-of-school-materials_mXagSSK.png", "created_date": "2017-02-20T06:12:22Z", "published_date": "2017-02-20T06:13:17Z"}}, {"model": "posts.slogan", "pk": 3, "fields": {"author": 1, "slogan_id": "slogan02", "title": "Excellent teaching and mentoring by TANDEM certified teachers", "sub_title": "NA", "text": "NA", "icon": "slogan/icon/teacher-teaching-with-a-stick_brrHsu6.png", "created_date": "2017-02-20T06:13:17Z", "published_date": "2017-02-20T06:14:06Z"}}, {"model": "posts.slogan", "pk": 5, "fields": {"author": 2, "slogan_id": "slogan03", "title": "Well researched extensive material covering Board and Entrance preparations", "sub_title": "NA", "text": "NA", "icon": "slogan/icon/Shape_2.png", "created_date": "2017-03-26T04:43:21Z", "published_date": "2017-03-26T04:43:21Z"}}, {"model": "posts.slogan", "pk": 6, "fields": {"author": 2, "slogan_id": "slogan04", "title": "Intensive Mock Test and Model Exams to gauge student performance", "sub_title": "NA", "text": "NA", "icon": "slogan/icon/Shape_13.png", "created_date": "2017-03-26T04:47:19Z", "published_date": "2017-03-26T04:47:19Z"}}, {"model": "posts.slogan", "pk": 7, "fields": {"author": 2, "slogan_id": "slogan05", "title": "Course methodology designed to produce Outstanding Results", "sub_title": "NA", "text": "NA", "icon": "slogan/icon/Shape_86.png", "created_date": "2017-03-26T04:57:55Z", "published_date": "2017-03-26T04:57:55Z"}}, {"model": "posts.slogan", "pk": 8, "fields": {"author": 2, "slogan_id": "slogan06", "title": "Familiarisation with previous years JEE/NEET Question Papers", "sub_title": "NA", "text": "NA", "icon": "slogan/icon/Shape_31.png", "created_date": "2017-03-26T10:33:08Z", "published_date": "2017-03-26T10:33:08Z"}}, {"model": "posts.slogan", "pk": 9, "fields": {"author": 2, "slogan_id": "slogan07", "title": "Important concepts and Formulae Book for last minute revisions", "sub_title": "NA", "text": "NA", "icon": "slogan/icon/Shape_63.png", "created_date": "2017-03-27T06:14:58Z", "published_date": "2017-03-27T06:14:58Z"}}, {"model": "posts.news", "pk": 3, "fields": {"author": 1, "news_id": "news03", "title": "SCIENCE APTITUDE TEST 2017", "sub_title": "For Registration Call: 9207870033", "text": "\u2022\tTANDEM is conducting an Aptitude Test for VIII,IX & X classes on 02 April 2017\r\n\u2022\tFor Registration Call: 9207870033\r\n\u2022\tSyllabus: General Science and Mental Ability.\r\n\u2022\tTest Centers: \r\n\u2022\tERNAKULAM:2nd Floor, STR Complex, Veekshanam Road, Opp. Internationa Hotel\r\n\u2022\tTRIVANDRUM: 4th Floor, Premier Towers, Opp. Ayurveda College\r\n\u2022\tTRIPUNITHURA: 2nd Floor, Pindis Arcade, Opp. HDFC Bank, Market Road", "photo": "news/blog.jpg", "youtube_url": "", "created_date": "2017-02-22T12:35:38Z", "published_date": "2017-02-22T12:36:31Z"}}, {"model": "posts.exam", "pk": 1, "fields": {"author": 1, "exam_id": "exam01", "title": "JEE MAIN EXAMINATION 2017", "sub_title": "NA", "details_text": "JEE MAIN 2017\r\n\r\n\u2022\tEligibility: Candidate should have cleared class 12th examination or equivalent with five subjects either in the year 2015 or 2016. Candidates who are appearing in class 12th or its equivalent exam in 2017 can also apply.\r\n\r\n\u2022\tThe number of attempts appearing in JEE Main Exam 2017 is limited to Three only.\r\n\r\n\u2022\tExam Pattern: There will be two papers in the exam. Paper 1 will be conducted for candidates looking for admission to B.E/B.Tech program whereas; paper 2 will be organized for admission to B.Arch/B.Planning.", "photo": "exam/exam1.jpg", "created_date": "2017-02-20T05:58:15Z", "published_date": "2017-02-20T05:59:30Z"}}, {"model": "posts.exam", "pk": 2, "fields": {"author": 1, "exam_id": "exam02", "title": "NEET EXAMINATION 2017", "sub_title": "NA", "details_text": "NEET EXAMINATION 2017\r\n\r\n\u2022\tEligibility: Candidates needs to be of Indian Nationality. The applicant has   to be 17 years at the time of admission or will complete the required age on or before December 31, 2017. \r\n\r\n\u2022\tCandidates need to have cleared or currently appearing the class 12th or equivalent exam from any recognized board with Chemistry, Physics, Biology/ Bio-Technology or any other elective subject with English. \r\n\r\n\u2022\tCandidates must have obtained a minimum of 50% marks taken together in Physics, Chemistry, and Biology/ Bio Technology in the qualifying examination.\r\n\r\n\u2022\tExam Pattern: The NEET 2017 exam would be conducted in offline mode (written exam) for a duration of 3 hours. The question paper would consist of a total of 180 multiple choice questions. 4 marks would be given for every correct answer and 1mark would be deducted for every incorrect answer.", "photo": "exam/exam2.jpg", "created_date": "2017-02-20T05:59:36Z", "published_date": "2017-02-20T06:00:07Z"}}, {"model": "posts.mock", "pk": 1, "fields": {"author": 1, "mock_id": "mock01", "title": "NEET Mock Test 2017(Physics)", "sub_title": "Mock Test", "text": "Aspiring to crack the NEET  2017 exam to get admission in medical or dental college in India? Try our expert level online mock test on Physics to gear up for the upcoming medical entrance exam.", "photo": "mock/mock1.jpg", "question_paper_url": "https://www.surveymonkey.com/r/FWKSBMN", "created_date": "2017-02-20T06:00:13Z", "published_date": "2017-02-20T06:00:59Z"}}, {"model": "posts.mock", "pk": 2, "fields": {"author": 1, "mock_id": "mock02", "title": "NEET Mock Test 2017 (Chemistry)", "sub_title": "CHEMISTRY", "text": "Aspiring to crack the NEET  2017 exam to get admission in medical or dental college in India?  Try our expert level online mock test on Chemistry to gear up for the upcoming medical entrance exam.", "photo": "mock/mock3.jpg", "question_paper_url": "https://www.surveymonkey.com/r/GP7ZRRR", "created_date": "2017-02-20T06:00:55Z", "published_date": "2017-02-20T06:01:48Z"}}, {"model": "posts.mock", "pk": 5, "fields": {"author": 2, "mock_id": "mock03", "title": "NEET Mock Test (Botany)", "sub_title": "Botany", "text": "Aspiring to crack the NEET  2017 exam to get admission in medical or dental college in India? Botany is the most important subject that every medical aspirant should master. Try our expert level online mock test on botany to gear up for the upcoming medical entrance exam.", "photo": "mock/is.jpg", "question_paper_url": "https://www.surveymonkey.com/r/GPXQJC7", "created_date": "2017-03-26T07:16:40Z", "published_date": "2017-03-26T07:16:40Z"}}, {"model": "posts.mock", "pk": 6, "fields": {"author": 2, "mock_id": "mock05", "title": "NEET Mock Test (Zoology)", "sub_title": "NA", "text": "Aspiring to crack the NEET  2017 exam to get admission in medical or dental college in India? Try our expert level online mock test on Zoology to gear up for the upcoming medical entrance exam.", "photo": "mock/is_1.jpg", "question_paper_url": "https://www.surveymonkey.com/r/B8WH5Z2", "created_date": "2017-03-26T10:08:30Z", "published_date": "2017-03-26T10:08:30Z"}}, {"model": "posts.stream", "pk": 1, "fields": {"author": 1, "title": "Science", "order": 0}}, {"model": "posts.stream", "pk": 2, "fields": {"author": 1, "title": "Commerce", "order": 1}}, {"model": "posts.stream", "pk": 3, "fields": {"author": 1, "title": "Competitive", "order": 2}}, {"model": "posts.coursecategory", "pk": 1, "fields": {"author": 1, "title": "PSC Coaching", "stream": 3}}, {"model": "posts.coursecategory", "pk": 2, "fields": {"author": 1, "title": "Other Competitive Exams", "stream": 3}}, {"model": "posts.coursecategory", "pk": 3, "fields": {"author": 1, "title": "Entrance Coaching", "stream": 1}}, {"model": "posts.coursecategory", "pk": 4, "fields": {"author": 1, "title": "Tuition Program", "stream": 1}}, {"model": "posts.coursecategory", "pk": 5, "fields": {"author": 1, "title": "Post Graduate Courses", "stream": 2}}, {"model": "posts.coursecategory", "pk": 6, "fields": {"author": 1, "title": "Undergraduate Courses", "stream": 2}}, {"model": "posts.coursecategory", "pk": 7, "fields": {"author": 1, "title": "NIOS / Plus Two", "stream": 2}}, {"model": "posts.coursecategory", "pk": 8, "fields": {"author": 1, "title": "Foundation", "stream": 1}}, {"model": "posts.course", "pk": 1, "fields": {"author": 1, "cousre_id": "bcom2017", "title": "B.COM                  (Taxation/Travel & Tourism)", "featured_course": true, "background": "course/bg/default_course.jpg", "document": 1, "created_date": "2017-03-03T08:01:55Z", "published_date": "2017-03-03T08:02:00Z", "category": 6}}, {"model": "posts.course", "pk": 2, "fields": {"author": 2, "cousre_id": "8910tution2017", "title": "TUITION 8/9/10", "featured_course": true, "background": "course/bg/default_course.jpg", "document": 1, "created_date": "2017-03-03T08:02:42Z", "published_date": "2017-03-03T08:03:00Z", "category": 4}}, {"model": "posts.course", "pk": 3, "fields": {"author": 2, "cousre_id": "1112tution2017", "title": "TUITION 11/12", "featured_course": false, "background": "course/bg/default_course.jpg", "document": 1, "created_date": "2017-03-03T08:03:39Z", "published_date": "2017-03-03T08:03:00Z", "category": 4}}, {"model": "posts.course", "pk": 5, "fields": {"author": 2, "cousre_id": "jee_adv2017", "title": "JEE (Main/Advanced)", "featured_course": true, "background": "course/bg/default_course.jpg", "document": 1, "created_date": "2017-03-03T08:04:35Z", "published_date": "2017-03-03T08:05:00Z", "category": 3}}, {"model": "posts.course", "pk": 6, "fields": {"author": 2, "cousre_id": "neet_2017", "title": "NEET", "featured_course": false, "background": "course/bg/default_course.jpg", "document": 1, "created_date": "2017-03-03T08:05:11Z", "published_date": "2017-03-03T08:05:00Z", "category": 3}}, {"model": "posts.course", "pk": 7, "fields": {"author": 1, "cousre_id": "bahistory2017", "title": "BA (History)", "featured_course": true, "background": "course/bg/default_course.jpg", "document": null, "created_date": "2017-03-17T08:58:18Z", "published_date": "2017-03-17T09:04:00Z", "category": 6}}, {"model": "posts.course", "pk": 9, "fields": {"author": 1, "cousre_id": "bba2017", "title": "BBA (Computer Application)", "featured_course": true, "background": "course/bg/default_course.jpg", "document": null, "created_date": "2017-03-18T03:37:20Z", "published_date": "2017-03-18T03:46:00Z", "category": 6}}, {"model": "posts.course", "pk": 10, "fields": {"author": 1, "cousre_id": "mcom2017", "title": "M.COM", "featured_course": true, "background": "course/bg/default_course.jpg", "document": null, "created_date": "2017-03-18T03:47:54Z", "published_date": "2017-03-18T03:49:00Z", "category": 5}}, {"model": "posts.course", "pk": 13, "fields": {"author": 1, "cousre_id": "mba2017", "title": "MBA (Finance/ Marketing)", "featured_course": true, "background": "course/bg/default_course.jpg", "document": null, "created_date": "2017-03-18T04:30:49Z", "published_date": "2017-03-18T04:32:00Z", "category": 5}}, {"model": "posts.course", "pk": 15, "fields": {"author": 1, "cousre_id": "pgd2017", "title": "PG DIPLOMA (HRM)", "featured_course": true, "background": "course/bg/default_course.jpg", "document": null, "created_date": "2017-03-18T04:33:59Z", "published_date": "2017-03-18T04:35:00Z", "category": 5}}, {"model": "posts.course", "pk": 16, "fields": {"author": 1, "cousre_id": "Foundation2017", "title": "FOUNDATION PROGRAM", "featured_course": true, "background": "course/bg/default_course.jpg", "document": null, "created_date": "2017-03-18T04:36:55Z", "published_date": "2017-03-18T04:37:00Z", "category": 8}}, {"model": "posts.course", "pk": 18, "fields": {"author": 1, "cousre_id": "nios2017", "title": "NIOS PLUS 2 (Commerce & Humanities)", "featured_course": true, "background": "course/bg/default_course.jpg", "document": null, "created_date": "2017-03-18T04:46:18Z", "published_date": "2017-03-18T04:48:00Z", "category": 7}}, {"model": "posts.course", "pk": 19, "fields": {"author": 1, "cousre_id": "plus2017", "title": "PLUS 1/PLUS 2 (Commerce)", "featured_course": true, "background": "course/bg/default_course.jpg", "document": null, "created_date": "2017-03-18T09:07:35Z", "published_date": "2017-03-18T09:08:00Z", "category": 7}}, {"model": "posts.course", "pk": 20, "fields": {"author": 2, "cousre_id": "psc", "title": "PSC", "featured_course": true, "background": "course/bg/default_course.jpg", "document": null, "created_date": "2017-03-24T09:16:45Z", "published_date": "2017-03-24T09:16:45Z", "category": 2}}, {"model": "posts.coursedetail", "pk": 1, "fields": {"author": 1, "cousre_details_id": "tutition_overview", "title": "Overview", "details_text": "At Tandem, we have developed a unique examination preparatory program for students of classes VIII, IX and X. The program, designed by experts impart all necessary skills to a student that would enable him /her to understand and manage all critical factors that are necessary to score well in school examinations, and come out with flying colours.\r\n\r\nIt is a well-known fact that education plays an important role in shaping the life of an individual and that it is education which equips students with skills which help them think, analyze situations and take appropriate decisions.\r\n\r\nStudents in the age group of 14 to 16 years (of classes VIII, IX and X) are especially receptive. A properly planned delivery of concepts, when clubbed with appropriately calculated and executed activities can bring about a positive change in the way a student approaches subject such as Mathematics and Science.\r\n\r\nA good grounding in science and mathematics is of great importance, as it helps the students develop logical and analytical thinking skills. These are skills which students will need in future irrespective of the field in which they may want to make a career in. Apart from this in the highly competitive landscape that we are in today, what becomes more important is the relative performance of the student rather than the absolute marks that he scores in a school examination.\r\n\r\nWe believe that it is the attitude towards a subject that is more important than just scoring marks. At the same time good conceptual understanding of the subject will always reflect in the kind of marks a student scores in an examination.As we have said earlier, in the present day scenario, performing well in the examinations at school is very important, as it not only helps students gain much needed confidence but also helps them secure entry to prestigious institutions and programs.Being strong with the fundamentals is an important factor in scoring well, but there are many other factors which also contribute to a student's success.", "course": 2, "order": 0, "created_date": "2017-03-23T08:02:49Z", "published_date": "2017-03-23T08:02:49Z"}}, {"model": "posts.coursedetail", "pk": 2, "fields": {"author": 2, "cousre_details_id": "tutition_need", "title": "Need for the course", "details_text": "\u2022\tAs the old adage goes, \"nothing succeeds like success.\"\r\n\r\n\t\u2022\tMany parents feel that the grades that the student scores in their school examinations are the measure of their success.\r\n\r\n\t\u2022\tEven though this is true to some extent a successful student is much more than that. A successful students exhibit a combination of attitude, behavior and intellectual capacity that contributes to success.\r\n\r\n\t\u2022\tA successful student is also able to exhibit above characteristics consistently and not just on the examination day.\r\n\r\n\t\u2022\tTill some years ago the kind of examinations that were conducted in school focused only on how a student performs in tests which are conducted monthly/quarterly/half yearly/annually.\r\n\r\n\t\u2022\tBut, to judge a student's progress there is a need for continuous assessment, which happens on a daily basis , this analysis not only helps the teachers recognise where the student stands but also helps in taking remedial measures.\r\n\r\n\t\u2022\tSo, a successful student not only performs well in the end term examinations but also does well in each class that he attends. Also, it is important that a student develops the right attitude and behavior which will be equally important for his future.\r\n\r\n\t\u2022\tExcelling in such a system requires more than rote learning of concepts. It is imperative that a student does well in such a system as it would mean that the student not only succeeds in his examinations but will also be a successful student in true sense.", "course": 2, "order": 1, "created_date": "2017-03-23T08:16:50Z", "published_date": "2017-03-23T08:16:50Z"}}, {"model": "posts.coursedetail", "pk": 3, "fields": {"author": 2, "cousre_details_id": "tuition_about", "title": "About the Program", "details_text": "The program is specifically designed for students who wish to study\r\n\r\n\u2022\tMathematics\r\n\r\n\u2022\tScience (Physics; Chemistry; Biology)\r\n\r\n\u2022\tSocial Studies & English (optional).\r\n\r\nThe program is presently available for the following state/central boards \r\n\r\n\u2022\tCBSE\r\n\r\n\u2022\tKerala State Board\r\n\r\nThe program covers the school curriculum of Mathematics, Science, Social Studies (optional), for the students of classes VIII, IX and X", "course": 2, "order": 3, "created_date": "2017-03-23T10:54:11Z", "published_date": "2017-03-23T10:54:11Z"}}, {"model": "posts.coursedetail", "pk": 4, "fields": {"author": 2, "cousre_details_id": "tuition_features", "title": "Features of the Program", "details_text": "The unique features of the course are listed below:\r\n\r\n\u2022\tImparting Conceptual Clarity: As mentioned earlier the major factor that influences the scores of a student is the amount of conceptual clarity that a student has. Our Supplemental Coaching Program is designed to impart the much needed conceptual clarity. We strictly adhere to the Syllabus provided by NCERT/State Boards and structure the sessions in such a manner that the students understand and imbibe what they are learning and do not end up learning the concepts merely by rote. Nevertheless there are some concepts and formulae in both science and mathematics which a student needs to learn by rote; we provide them with techniques/methods which can help them remember these essentials.\r\n\r\n\u2022\tPractice Sessions: The course is designed to provide extensive practice to the students by making them solve workbook exercises and different types of tests. This practice helps students not only revise concepts at regular intervals but also provides them with an insight into the kind of questions that they would face in the school examinations.\r\n\r\n\u2022\tInformative and Exhaustive Study Material: The Study material is developed by experts who have vast experience in the field of training students for board examinations. The Study material which is a collection of Course Material, Practice Exercises, Unit Tests, Cumulative Tests and Model Exams is well-researched and provides exhaustive coverage of the concepts.\r\n\r\n\u2022\tRegular Tests/ Model Tests and Sessions to make students understand the paper pattern and structure: A series of mock tests and model tests are conducted and once each test is completed an analysis/feedback sessions is conducted.\r\n\r\n\u2022\tExtensive Practice through these mock tests ensures that the student : \r\n\r\n             1)  Overcomes the examination phobia.\r\n\r\n             2) Develops a good understanding of the paper pattern and structure.\r\n\r\n             3)Can devise and test different strategies to score more marks.\r\n\r\n\u2022\tThe feedback/analysis sessions ensure that the student : \r\n\r\n             1)Can identify the shortcomings in his preparation and prepare for the next test accordingly.\r\n\r\n             2)Develops an understanding of the best way of presenting a solution.\r\n\r\n             3)Can devise strategies to manage time better.\r\n\r\n             4)Can get his doubts clarified.", "course": 2, "order": 4, "created_date": "2017-03-23T11:02:36Z", "published_date": "2017-03-23T11:02:36Z"}}, {"model": "posts.coursedetail", "pk": 5, "fields": {"author": 2, "cousre_details_id": "tuition_teaching", "title": "Teaching Methodology", "details_text": "\u2022\tThe objective of this course is to make the students understand and master basic concepts in the subjects of Mathematics, Physics, Chemistry and Biology.\r\n\r\n\u2022\tThe focus will be on encouraging students to apply the concepts learnt to real-life situations. The program will encourage students to look beyond textbooks for learning.", "course": 2, "order": 5, "created_date": "2017-03-23T11:09:49Z", "published_date": "2017-03-23T11:09:49Z"}}, {"model": "posts.coursedetail", "pk": 6, "fields": {"author": 2, "cousre_details_id": "tuition_strengths", "title": "Strengths of 'TANDEM'", "details_text": "\u2022\tProfessionally managed institution\r\n\r\n\u2022\tFaculty members with several years of experience in teaching the school curriculum.\r\n\r\n\u2022\tEvery teacher undergoes an in-house training program which helps him deliver the concepts in an easy to understand manner. The faculties are trained to help students realize their potential.\r\n\r\n\u2022\tInteractive Classes aimed at continuous evaluation and remedial action.\r\n\r\n\u2022\tWell researched and exhaustive study material.\r\n\r\n\u2022\tRegular doubt clarifying sessions for remedial action.\r\n\r\n\u2022\tHighly effective test series for continuous assessment.\r\n\r\n\u2022\tRegular feedback to parents regarding the progress of the student.", "course": 2, "order": 6, "created_date": "2017-03-23T11:11:43Z", "published_date": "2017-03-23T11:11:43Z"}}, {"model": "posts.coursedetail", "pk": 7, "fields": {"author": 2, "cousre_details_id": "foundation_overview", "title": "Overview", "details_text": "Tandem offers a Foundation Courses for students of Class 7 to 10. The course covers the areas  of Mathematics, Physics and Chemistry. Our course and tests are structured in a way that inculcates the habit of application of concepts thereby paving way for effective learning.", "course": 16, "order": 1, "created_date": "2017-03-23T11:16:07Z", "published_date": "2017-03-23T11:16:07Z"}}, {"model": "posts.coursedetail", "pk": 8, "fields": {"author": 2, "cousre_details_id": "foundation_objectives", "title": "Objective of the Foundation Course", "details_text": "\u2022\tObjective of this course is to make the students understand and master basic concepts in the subjects of Mathematics, Physics and Chemistry.\r\n\r\n\u2022\tThe focus will be on encouraging students to apply the concepts learned to real-life situations.\r\n\r\n\u2022\tThe Foundation program will not only help children understand better what is taught in regular school classes, and hence do well in board exams but will also help them develop the acumen which will give them a distinctive edge over the rest of their peers.", "course": 16, "order": 2, "created_date": "2017-03-23T11:17:49Z", "published_date": "2017-03-23T11:17:49Z"}}, {"model": "posts.coursedetail", "pk": 9, "fields": {"author": 2, "cousre_details_id": "foundation_material", "title": "Course Material", "details_text": "The Foundation Program offered by Tandem addresses this same need of creating a successful student rather than a student who is successful only in his /her end term examinations. The program unlike other tuition programs is not focused on making students score marks by making them rote learn the concepts. The program is designed to impart students with skills and concept clarity, which would lead to:\r\n\r\nFor each class we provide the following books \r\n\r\n\u2022\tMathematics Study Material\r\n\r\n\u2022\tPhysics Study Material\r\n\r\n\u2022\tChemistry Study Material\r\n\r\nRegular Tests are conducted and mock exams.", "course": 16, "order": 3, "created_date": "2017-03-23T11:19:38Z", "published_date": "2017-03-23T11:19:38Z"}}, {"model": "posts.coursedetail", "pk": 10, "fields": {"author": 2, "cousre_details_id": "foundation_methodology", "title": "Course Methodology", "details_text": "\u2022\tCourse methodology is aimed at helping the students understand the concepts thoroughly.\r\n\r\n\u2022\tIt helps them develop a logical approach to Mathematics, Physics and Chemistry, for more effective learning.\r\n\r\n\u2022\tThe course has a comprehensive coverage of Mathematics, Physics and Chemistry encompassing the syllabi of the major boards (State, CBSE and ICSE).", "course": 16, "order": 4, "created_date": "2017-03-23T11:21:08Z", "published_date": "2017-03-23T11:21:08Z"}}, {"model": "posts.coursedetail", "pk": 11, "fields": {"author": 2, "cousre_details_id": "foundation_strengths", "title": "Strengths of 'TANDEM'", "details_text": "\u2022\tProfessionally managed institution\r\n\r\n\u2022\tFaculty members with several years of experience in teaching the school curriculum.\r\n\r\n\u2022\tEvery teacher undergoes an in-house training program which helps him deliver the concepts in an easy to understand manner. The faculties are trained to help students realize their potential.\r\n\r\n\u2022\tInteractive Classes aimed at continuous evaluation and remedial action.\r\n\r\n\u2022\tWell researched and exhaustive study material\r\n\r\n\u2022\tRegular doubt clarifying sessions for remedial action.\r\n\r\n\u2022\tHighly effective test series for continuous assessment.\r\n\r\n\u2022\tRegular feedback to parents regarding the progress of the student.", "course": 16, "order": 5, "created_date": "2017-03-23T11:22:32Z", "published_date": "2017-03-23T11:22:32Z"}}, {"model": "posts.coursedetail", "pk": 12, "fields": {"author": 2, "cousre_details_id": "tuition11_overview", "title": "Overview", "details_text": "At Tandem, we have developed a unique examination preparatory program for students of classes XI and XII. The program, designed by experts impart all necessary skills to a student that would enable him /her to understand and manage all critical factors that are necessary to score well in school examinations, and come out with flying colours.\r\n\r\nIt is a well-known fact that education plays an important role in shaping the life of an individual and that it is education which equips students with skills which help them think, analyze situations and take appropriate decisions.\r\n\r\nStudents in the age group of 14 to 16 years (of classes VIII, IX and X) are especially receptive. A properly planned delivery of concepts, when clubbed with appropriately calculated and executed activities can bring about a positive change in the way a student approaches subject such as Mathematics and Science.\r\n\r\nA good grounding in science and mathematics is of great importance, as it helps the students develop logical and analytical thinking skills. These are skills which students will need in future irrespective of the field in which they may want to make a career in. Apart from this in the highly competitive landscape that we are in today, what becomes more important is the relative performance of the student rather than the absolute marks that he scores in a school examination.\r\n\r\nWe believe that it is the attitude towards a subject that is more important than just scoring marks. At the same time good conceptual understanding of the subject will always reflect in the kind of marks a student scores in an examination.\r\n\r\nAs we have said earlier, in the present day scenario, performing well in the examinations at school is very important, as it not only helps students gain much needed confidence but also helps them secure entry to prestigious institutions and programs.\r\nBeing strong with the fundamentals is an important factor in scoring well, but there are many other factors which also contribute to a student's success.", "course": 3, "order": 1, "created_date": "2017-03-23T11:25:32Z", "published_date": "2017-03-23T11:25:32Z"}}, {"model": "posts.coursedetail", "pk": 13, "fields": {"author": 2, "cousre_details_id": "tuition11_need", "title": "Need for the Course", "details_text": "\u2022\tAs the old adage goes, \"nothing succeeds like success.\"\r\n\r\n\u2022\tMany students/parents feel that the grades that the student scores in their school examinations are the measure of their success.\r\n\r\n\u2022\tA successful student is also able to exhibit above characteristics consistently and not just on the examination day.\r\n\r\n\u2022\tTill some years ago the kind of examinations that were conducted in school/College focused only on how a student performs in tests which are conducted monthly/quarterly/half yearly/annually.\r\n\r\n\u2022\tBut, to judge a student's progress there is a need for continuous assessment, which happens on a daily basis , this analysis not only helps the teachers recognize where the student stands but also helps in taking remedial measures.\r\n\r\n\u2022\tSo, a successful student not only performs well in the end term examinations but also does well in each class that he attends. Also, it is important that a student develops the right attitude and behaviour which will be equally important for his future.\r\n\r\n\u2022\tExcelling in such a system requires more than rote learning of concepts. It is imperative that a student does well in such a system as it would mean that the student not only succeeds in his examinations but will also be a successful student in true sense", "course": 3, "order": 2, "created_date": "2017-03-23T11:27:00Z", "published_date": "2017-03-23T11:27:00Z"}}, {"model": "posts.coursedetail", "pk": 14, "fields": {"author": 2, "cousre_details_id": "tuition11_objective", "title": "Objective of the Course", "details_text": "The Coaching Program offered by Tandem addresses this same need of creating a successful student rather than a student who is successful only in his /her end term examinations. The program unlike other tuition programs is not focused on making students score marks by making them rote learn the concepts. The program is designed to impart students with skills and concept clarity, which would lead to:\r\n\r\n\u2022\tBetter grades in Summative Assessment.\r\n\r\n\u2022\tIncreased participation in class.\r\n\r\n\u2022\tBetter performance in oral tests, quizzes, project works and assignments (formative assessment).\r\n\r\n\u2022\tDesired behavioral attitude.\r\n\r\nThis program is specifically designed for students who wish \r\n\r\n\u2022\tTo prepare well for the examinations at school (both formative and summative) and want to achieve excellent grade.\r\n\r\n\u2022\tTo achieve better grades through their understanding of concepts rather than through rote learning.\r\n\r\n\u2022\tTo be taught by highly talented, experienced and professional teachers.", "course": 3, "order": 3, "created_date": "2017-03-23T11:29:11Z", "published_date": "2017-03-23T11:29:11Z"}}, {"model": "posts.coursedetail", "pk": 15, "fields": {"author": 2, "cousre_details_id": "tuition11_abt", "title": "About the Program", "details_text": "The program covers the following subjects: \r\n\r\n\u2022\tPhysics\r\n\r\n\u2022\tChemistry\r\n\r\n\u2022\tMathematics\r\n\r\n\u2022\tBiology\r\n\r\nThe program is presently available for the following state/central boards \r\n\r\n\u2022\tCBSE\r\n\r\n\u2022\tKerala State Board", "course": 3, "order": 4, "created_date": "2017-03-24T03:37:03Z", "published_date": "2017-03-24T03:37:03Z"}}, {"model": "posts.coursedetail", "pk": 16, "fields": {"author": 2, "cousre_details_id": "tuition11_features", "title": "Features of the Program", "details_text": "The unique features of the course are listed below:\r\n\r\n\u2022\tImparting Conceptual Clarity: As mentioned earlier the major factor that influences the scores of a student is the amount of conceptual clarity that a student has. Our Supplemental Coaching Program is designed to impart the much needed conceptual clarity. We strictly adhere to the Syllabus provided by NCERT/State Boards and structure the sessions in such a manner that the students understand and imbibe what they are learning and do not end up learning the concepts merely by rote. Nevertheless there are some concepts and formulae in both science and mathematics which a student needs to learn by rote; we provide them with techniques/methods which can help them remember these essentials.\r\n\r\n\u2022\tPractice Sessions: The course is designed to provide extensive practice to the students by making them solve workbook exercises and different types of tests. This practice helps students not only revise concepts at regular intervals but also provides them with an insight into the kind of questions that they would face in the school examinations.\r\n\r\n\u2022\tInformative and Exhaustive Study Material: The Study material is developed by experts who have vast experience in the field of training students for board examinations. The Study material which is a collection of Course Material, Practice Exercises, Unit Tests, Cumulative Tests and Model Exams is well-researched and provides exhaustive coverage of the concepts.\r\n\r\n\u2022\tRegular Tests/ Model Tests and Sessions to make students understand the paper pattern and structure: A series of mock tests and model tests are conducted and once each test is completed an analysis/feedback sessions is conducted.\r\n\r\n\u2022\tExtensive Practice through these mock tests ensures that the student : \r\n\r\n        1)Overcomes the examination phobia.\r\n\r\n        2)Develops a good understanding of the paper pattern and structure.\r\n\r\n         3)Can devise and test different strategies to score more marks\r\n\r\n\u2022\tThe feedback/analysis sessions ensure that the student : \r\n\r\n1)Can identify the shortcomings in his preparation and prepare for the next test accordingly.\r\n\r\n2)Develops an understanding of the best way of presenting a solution.\r\n\r\n3)Can devise strategies to manage time better.\r\n\r\n4)Can get his doubts clarified.", "course": 3, "order": 5, "created_date": "2017-03-24T03:40:49Z", "published_date": "2017-03-24T03:40:49Z"}}, {"model": "posts.coursedetail", "pk": 17, "fields": {"author": 2, "cousre_details_id": "tuition11_teaching", "title": "Teaching Methodology", "details_text": "\u2022\tThe objective of this course is to make the students understand and master basic concepts in the subjects of Mathematics, Physics, Chemistry and Biology.\r\n\r\n\u2022\tThe focus will be on encouraging students to apply the concepts learned to real-life situations. The program will encourage students to look beyond textbooks for learning.", "course": 3, "order": 6, "created_date": "2017-03-24T03:46:40Z", "published_date": "2017-03-24T03:46:40Z"}}, {"model": "posts.coursedetail", "pk": 18, "fields": {"author": 2, "cousre_details_id": "tuition_strengths", "title": "Strengths of 'TANDEM'", "details_text": "\u2022\tProfessionally managed institution\r\n\r\n\u2022\tFaculty members with several years of experience in teaching the school curriculum.\r\n\r\n\u2022\tEvery teacher undergoes an in-house training program which helps him deliver the concepts in an easy to understand manner. The faculties are trained to help students realize their potential.\r\n\r\n\u2022\tInteractive Classes aimed at continuous evaluation and remedial action.\r\n\r\n\u2022\tWell researched and exhaustive study material.\r\n\r\n\u2022\tRegular doubt clarifying sessions for remedial action.\r\n\r\n\u2022\tHighly effective test series for continuous assessment.\r\n\r\n\u2022\tRegular feedback to parents regarding the progress of the student.", "course": 3, "order": 7, "created_date": "2017-03-24T03:48:03Z", "published_date": "2017-03-24T03:48:03Z"}}, {"model": "posts.coursedetail", "pk": 19, "fields": {"author": 2, "cousre_details_id": "tuition11_highlights", "title": "Highlights of the Program", "details_text": "\u2022\tCoverage of the theory as per the latest syllabus\r\n\r\n\u2022\tDiscussion of frequently asked questions during the theory classes\r\n\r\n\u2022\tExposing the students to questions from board papers of previous years\r\n\r\n\u2022\tStudy material containing collection of questions and the hints (wherever required)\r\n\r\n\u2022\tConducting of test papers at the end of every chapter/unit\r\n\r\n\u2022\tMock exams on the latest patterns of the board exams\r\n\r\n\u2022\tContinuous monitoring and evaluation of a student's performance\r\n\r\n\u2022\tRegular feedback to parents regarding their ward's performance", "course": 3, "order": 8, "created_date": "2017-03-24T03:49:41Z", "published_date": "2017-03-24T03:49:41Z"}}, {"model": "posts.coursedetail", "pk": 20, "fields": {"author": 2, "cousre_details_id": "jee_overview", "title": "Overview", "details_text": "Tandem offers Entrance Exam Coaching like JEE (Main), JEE (Advanced) \u2013 For Engineering aspirants, NEET \u2013 for Medical aspirants of Class 11 & 12. The course covers the areas of Mathematics, Physics and Chemistry wrt JEE and Physics, Chemistry and Biology wrt NEET. Our course and tests are structured in such a way that inculcates the habit of application of concepts thereby paving way for effective learning.", "course": 5, "order": 1, "created_date": "2017-03-24T03:54:57Z", "published_date": "2017-03-24T03:54:57Z"}}, {"model": "posts.coursedetail", "pk": 21, "fields": {"author": 2, "cousre_details_id": "jee_objectives", "title": "Objective of the Course", "details_text": "\u2022\tStudents those who want a promising career in Engineering and Medical field are provided with extraordinary coaching which will mold them into Brilliant Doctors and Engineers. \r\n\r\n\u2022\tWe provide study materials that are pertinent and can help the student in cracking the exam of their choice. \r\n\r\n\u2022\tThe study materials that we provide are subject to periodic revisions. \r\n\r\n\u2022\tThe resources that we have with us will definitely be a worthwhile opportunity that you can grab to fulfill your dreams.", "course": 5, "order": 2, "created_date": "2017-03-24T03:57:42Z", "published_date": "2017-03-24T03:57:42Z"}}, {"model": "posts.coursedetail", "pk": 22, "fields": {"author": 2, "cousre_details_id": "jee_material", "title": "Course Material", "details_text": "For each student of JEE course we provide the following books \r\n\r\n\u2022\tMathematics Study Material\r\n\r\n\u2022\tPhysics Study Material\r\n\r\n\u2022\tChemistry Study Material", "course": 5, "order": 3, "created_date": "2017-03-24T03:59:45Z", "published_date": "2017-03-24T03:59:45Z"}}, {"model": "posts.coursedetail", "pk": 23, "fields": {"author": 2, "cousre_details_id": "jee_methodology", "title": "Course Methodology", "details_text": "\u2022\tCourse methodology is aimed at helping the students understand all concepts thoroughly.\r\n\r\n\u2022\tIt helps them develop a logical approach to Mathematics, Physics and Chemistry, for more effective learning.\r\n\r\n\u2022\tIt lays stress on application of concepts.\r\n\r\n\u2022\tThe course has a comprehensive coverage of Mathematics, Physics Chemistry and Biology encompassing the syllabi of the major boards (State, CBSE and ICSE)", "course": 5, "order": 4, "created_date": "2017-03-24T04:02:16Z", "published_date": "2017-03-24T04:02:16Z"}}, {"model": "posts.coursedetail", "pk": 24, "fields": {"author": 2, "cousre_details_id": "jee_strength", "title": "Strengths of 'TANDEM'", "details_text": "\u2022\tProfessionally managed institution\r\n\r\n\u2022\tFaculty members with several years of experience in teaching the school curriculum.\r\n\r\n\u2022\tEvery teacher undergoes an in-house training program which helps him deliver the concepts in an easy to understand manner. The faculties are trained to help students realize their potential.\r\n\r\n\u2022\tInteractive Classes aimed at continuous evaluation and remedial action.\r\n\r\n\u2022\tWell researched and exhaustive study material.\r\n\r\n\u2022\tRegular doubt clarifying sessions for remedial action.\r\n\r\n\u2022\tHighly effective test series for continuous assessment.\r\n\r\n\u2022\tRegular feedback to parents regarding the progress of the student.", "course": 5, "order": 5, "created_date": "2017-03-24T04:03:46Z", "published_date": "2017-03-24T04:03:46Z"}}, {"model": "posts.coursedetail", "pk": 25, "fields": {"author": 2, "cousre_details_id": "neet_overview", "title": "Overview", "details_text": "Tandem offers Entrance Exam Coaching like JEE (Main), JEE (Advanced) \u2013 For Engineering aspirants, NEET \u2013 for Medical aspirants of Class 11 & 12. The course covers the areas of Mathematics, Physics and Chemistry wrt JEE and Physics, Chemistry and Biology wrt NEET. Our course and tests are structured in such a way that inculcates the habit of application of concepts thereby paving way for effective learning.", "course": 6, "order": 1, "created_date": "2017-03-24T04:05:36Z", "published_date": "2017-03-24T04:05:36Z"}}, {"model": "posts.coursedetail", "pk": 26, "fields": {"author": 2, "cousre_details_id": "neet_objectives", "title": "Objective of the Course", "details_text": "\u2022\tStudents those who want a promising career in Engineering and Medical field are provided with extraordinary coaching which will mold them into Brilliant Doctors and Engineers. \r\n\r\n\u2022\tWe provide study materials that are pertinent and can help the student in cracking the exam of their choice. \r\n\r\n\u2022\tThe study materials that we provide are subject to periodic revisions. \r\n\r\n\u2022\tThe resources that we have with us will definitely be a worthwhile opportunity that you can grab to fulfill your dreams.", "course": 6, "order": 2, "created_date": "2017-03-24T04:06:39Z", "published_date": "2017-03-24T04:06:39Z"}}, {"model": "posts.coursedetail", "pk": 27, "fields": {"author": 2, "cousre_details_id": "neet_material", "title": "Course Material", "details_text": "For each student of NEET course we provide the following books \r\n\r\n\u2022\tBiology Study Material\r\n\r\n\u2022\tPhysics Study Material\r\n\r\n\u2022\tChemistry Study Material\r\n\r\nRegular Tests are conducted and mock exams.", "course": 6, "order": 3, "created_date": "2017-03-24T04:07:44Z", "published_date": "2017-03-24T04:07:44Z"}}, {"model": "posts.coursedetail", "pk": 28, "fields": {"author": 2, "cousre_details_id": "neet_methodology", "title": "Course Methodology", "details_text": "\u2022\tCourse methodology is aimed at helping the students understand all concepts thoroughly.\r\n\r\n\u2022\tIt helps them develop a logical approach to Mathematics, Physics and Chemistry, for more effective learning.\r\n\r\n\u2022\tIt lays stress on application of concepts.\r\n\r\n\u2022\tThe course has a comprehensive coverage of Mathematics, Physics Chemistry and Biology encompassing the syllabi of the major boards (State, CBSE and ICSE)", "course": 6, "order": 4, "created_date": "2017-03-24T04:09:33Z", "published_date": "2017-03-24T04:09:33Z"}}, {"model": "posts.coursedetail", "pk": 29, "fields": {"author": 2, "cousre_details_id": "neet_strengths", "title": "Strengths of 'TANDEM'", "details_text": "\u2022\tProfessionally managed institution\r\n\r\n\u2022\tFaculty members with several years of experience in teaching the school curriculum.\r\n\r\n\u2022\tEvery teacher undergoes an in-house training program which helps him deliver the concepts in an easy to understand manner. The faculties are trained to help students realize their potential.\r\n\r\n\u2022\tInteractive Classes aimed at continuous evaluation and remedial action.\r\n\r\n\u2022\tWell researched and exhaustive study material.\r\n\r\n\u2022\tRegular doubt clarifying sessions for remedial action.\r\n\r\n\u2022\tHighly effective test series for continuous assessment.\r\n\r\n\u2022\tRegular feedback to parents regarding the progress of the student.", "course": 6, "order": 5, "created_date": "2017-03-24T04:10:25Z", "published_date": "2017-03-24T04:10:25Z"}}, {"model": "posts.coursedetail", "pk": 30, "fields": {"author": 2, "cousre_details_id": "plustwo_overview", "title": "Overview", "details_text": "Tandem provides Plus One/Plus Two Commerce under the Kerala Open School Scheme.\r\n\r\n Duration of the course is 2 years.", "course": 19, "order": 1, "created_date": "2017-03-24T04:15:14Z", "published_date": "2017-03-24T04:15:14Z"}}, {"model": "posts.coursedetail", "pk": 31, "fields": {"author": 2, "cousre_details_id": "plustwo_objectives", "title": "Objective of the Course", "details_text": "\u2022\tBetter grades in Examination.\r\n\r\n\u2022\tIncreased participation in class.\r\n\r\n\u2022\tBetter performance in project works and assignments \r\n\r\n\u2022\tDesired behavioral attitude.\r\n\r\nThis program is specifically designed for students who wish \r\n\r\n\u2022\tTo prepare well for the examinations and want to achieve excellent grades.\r\n\r\n\u2022\tTo achieve better grades through their understanding of concepts.\r\n\r\n\u2022\tTo be taught by highly talented, experienced and professional teachers.", "course": 19, "order": 2, "created_date": "2017-03-24T04:16:52Z", "published_date": "2017-03-24T04:16:52Z"}}, {"model": "posts.coursedetail", "pk": 32, "fields": {"author": 2, "cousre_details_id": "plustwo_about", "title": "About the Program", "details_text": "\u2022\tSubjects coming under the course:\r\n\r\n               English\r\n\r\n               Malayalam/ Hindi\r\n\r\n               Business Studies\r\n\r\n               Economics\r\n\r\n               Political Science \r\n\r\n               Accountancy", "course": 19, "order": 3, "created_date": "2017-03-24T04:18:39Z", "published_date": "2017-03-24T04:18:39Z"}}, {"model": "posts.coursedetail", "pk": 33, "fields": {"author": 2, "cousre_details_id": "plustwo_strengths", "title": "Strengths of 'TANDEM'", "details_text": "\u2022\tProfessionally managed institution\r\n\r\n\u2022\tFaculty members with several years of experience in teaching the school curriculum.\r\n\r\n\u2022\tEvery teacher undergoes an in-house training program which helps him deliver the concepts in an easy to understand manner. The faculties are trained to help students realize their potential.\r\n\r\n\u2022\tInteractive Classes aimed at continuous evaluation and remedial action.\r\n\r\n\u2022\tWell researched and exhaustive study material.\r\n\r\n\u2022\tRegular doubt clarifying sessions for remedial action.\r\n\r\n\u2022\tHighly effective test series for continuous assessment.\r\n\r\n\u2022\tRegular feedback to parents regarding the progress of the student.", "course": 19, "order": 4, "created_date": "2017-03-24T04:19:44Z", "published_date": "2017-03-24T04:19:44Z"}}, {"model": "posts.coursedetail", "pk": 34, "fields": {"author": 2, "cousre_details_id": "nios_overview", "title": "Overview", "details_text": "Tandem offers NIOS Plus Two Commerce and Humanities program recognized by the Ministry of Human Resource Development- Govt. of India.\r\n\r\nStudents Completing NIOS are eligible to join any degree course.\r\n\r\n The NIOS program is approved by the Kerala Public Service Commission.", "course": 18, "order": 1, "created_date": "2017-03-24T04:21:16Z", "published_date": "2017-03-24T04:21:16Z"}}, {"model": "posts.coursedetail", "pk": 35, "fields": {"author": 2, "cousre_details_id": "nios_features", "title": "Features of the Program", "details_text": "\u2022\tFaculty members with several years of experience in teaching the school curriculum.\r\n\r\n\u2022\tThe materials provided by Tandem are one among the best which can help you in achieving success.\r\n\r\n\u2022\tAccess to previous year question papers which will help of great help in achieving a good score in the examination.\r\n\r\n\u2022\tTandem provides a competitive environment to study.\r\n\r\n\u2022\tRegular exams are conducted to help the students evaluate themselves on a regular basis.", "course": 18, "order": 2, "created_date": "2017-03-24T04:22:36Z", "published_date": "2017-03-24T04:22:36Z"}}, {"model": "posts.coursedetail", "pk": 36, "fields": {"author": 2, "cousre_details_id": "nios_about", "title": "About the Program", "details_text": "\u2022\tSubjects covered under the program:     \r\n        \r\n              English\r\n\r\n              Hindi\r\n\r\n              Business Studies\r\n\r\n              Economics\r\n\r\n              Political Science\r\n\r\n              Accountancy/Sociology\r\n\r\n\u2022\tDuration: Duration of the program is Six months.", "course": 18, "order": 3, "created_date": "2017-03-24T04:25:09Z", "published_date": "2017-03-24T04:25:09Z"}}, {"model": "posts.coursedetail", "pk": 37, "fields": {"author": 2, "cousre_details_id": "nios_strengths", "title": "Strengths of 'TANDEM'", "details_text": "\u2022\tProfessionally managed institution\r\n\r\n\u2022\tFaculty members with several years of experience in teaching the school curriculum.\r\n\r\n\u2022\tEvery teacher undergoes an in-house training program which helps him deliver the concepts in an easy to understand manner. The faculties are trained to help students realize their potential.\r\n\r\n\u2022\tInteractive Classes aimed at continuous evaluation and remedial action.\r\n\r\n\u2022\tWell researched and exhaustive study material.\r\n\r\n\u2022\tRegular doubt clarifying sessions for remedial action.\r\n\r\n\u2022\tHighly effective test series for continuous assessment.\r\n\r\n\u2022\tRegular feedback to parents regarding the progress of the student.", "course": 18, "order": 4, "created_date": "2017-03-24T04:26:29Z", "published_date": "2017-03-24T04:26:29Z"}}, {"model": "posts.coursedetail", "pk": 38, "fields": {"author": 2, "cousre_details_id": "bahis_overview", "title": "Overview", "details_text": "\u2022\t History requires sorting out the true from the false and careful sifting of evidence.    \r\n  \r\n\u2022\tHistory will challenge you through lots of arguments, lots of shared discoveries and lots of fun.\r\n\r\n\u2022\t The strong theoretical basis provides an undergraduate familiarity with the various issues and trends in the society at local, national and global level and gives access to proper methods of articulation and presentation in tune with the changing needs and requirements. \r\n\r\n\u2022\tThe new approach opens up a terrain of knowledge much wider than what is given through the discipline based way of teaching and learning.\r\n\r\n\u2022\tAbove all the course shall offer unlimited opportunities to students in future for instance in higher studies, research, in the preparation of all competitive and related examinations.", "course": 7, "order": 1, "created_date": "2017-03-24T04:27:38Z", "published_date": "2017-03-24T04:27:38Z"}}, {"model": "posts.coursedetail", "pk": 39, "fields": {"author": 2, "cousre_details_id": "bahis_features", "title": "Features of the Program", "details_text": "\u2022\tExamine key historical trends, periods and events.\r\n\r\n\u2022\tStudy with trained lecturers employing innovative and exciting teaching techniques such as interactive lectures,scenario exercises and debate-discussions.\r\n\r\n\u2022\tPersonal attention \r\n\r\n\u2022\tCandidates after completing their course may come across various job opportunities offered by reputed private as well as government organizations.\r\n\r\n\u2022\tAssignments and Practice sessions to improve language skills.\r\n\r\n\u2022\tContinuous monitoring and evaluation of a student's performance.", "course": 7, "order": 2, "created_date": "2017-03-24T04:32:01Z", "published_date": "2017-03-24T04:32:01Z"}}, {"model": "posts.coursedetail", "pk": 40, "fields": {"author": 2, "cousre_details_id": "bahis_about", "title": "About the Program", "details_text": "BA in History is a Three year program consisting of Six Semesters.\r\n\r\n\u2022\tSyllabus: MG University syllabus.\r\n\r\n\u2022\tEligibility: Eligibility for applying the course is Plus Two or Equivalent as per the MG university norms.", "course": 7, "order": 3, "created_date": "2017-03-24T04:33:04Z", "published_date": "2017-03-24T04:33:04Z"}}, {"model": "posts.coursedetail", "pk": 41, "fields": {"author": 2, "cousre_details_id": "bahis_strengths", "title": "Strengths of 'TANDEM'", "details_text": "\u2022\tProfessionally managed institution\r\n\r\n\u2022\tFaculty members with several years of experience in teaching the school curriculum.\r\n\r\n\u2022\tEvery teacher undergoes an in-house training program which helps him deliver the concepts in an easy to understand manner. The faculties are trained to help students realize their potential.\r\n\r\n\u2022\tInteractive Classes aimed at continuous evaluation and remedial action.\r\n\r\n\u2022\tWell researched and exhaustive study material.\r\n\r\n\u2022\tRegular doubt clarifying sessions for remedial action.\r\n\r\n\u2022\tHighly effective test series for continuous assessment.\r\n\r\n\u2022\tRegular feedback to parents regarding the progress of the student.", "course": 7, "order": 4, "created_date": "2017-03-24T04:34:25Z", "published_date": "2017-03-24T04:34:25Z"}}, {"model": "posts.coursedetail", "pk": 42, "fields": {"author": 2, "cousre_details_id": "bahis_time", "title": "Time Schedule", "details_text": "Regular Batch: 9.30am to 01.30pm\r\n\r\n\tMorning batch: 07.00am to 9.00am\r\n\r\n           \tSunday batch:    10.00am to 3.30pm", "course": 7, "order": 5, "created_date": "2017-03-24T04:36:00Z", "published_date": "2017-03-24T04:36:00Z"}}, {"model": "posts.coursedetail", "pk": 43, "fields": {"author": 2, "cousre_details_id": "bcom_overview", "title": "Overview", "details_text": "\u2022\tB.Com is one of the most sought after courses in Tandem. \r\n\r\n\u2022\tThe program aims at developing Accounting, Managerial and Organizational skills in the learners and also to promote Entrepreneurial skills. \r\n\r\n\u2022\tThe program open up a plethora of career and higher study opportunities including company secretaries, chartered accountants, cost/work accountants, banking, finance and management. \r\n\r\n\u2022\tA Bachelors Degree in Commerce is a fundamental graduating qualification, and opens up opportunities in higher education for graduates to pursue Master\u2019s level courses such as M.Com and MBA.", "course": 1, "order": 1, "created_date": "2017-03-24T04:43:07Z", "published_date": "2017-03-24T04:43:07Z"}}, {"model": "posts.coursedetail", "pk": 44, "fields": {"author": 2, "cousre_details_id": "bcom_features", "title": "Features of the Program", "details_text": "\u2022\tTo provide conceptual knowledge, logical reasoning ability and analytical skills in the domain of commerce. \r\n\r\n\u2022\tTo enable the students in practical application of the concepts taught during the course. \r\n\r\n\u2022\tTo develop managerial and entrepreneurial skills necessary to venture into the corporate sector. \r\n\r\n\u2022\tTo facilitate an all-round development of the student by sensitizing towards the ethical and social needs of the society.", "course": 1, "order": 2, "created_date": "2017-03-24T04:44:44Z", "published_date": "2017-03-24T04:44:44Z"}}, {"model": "posts.coursedetail", "pk": 45, "fields": {"author": 2, "cousre_details_id": "bcom_about", "title": "About the Program", "details_text": "\u2022\tDuration: Duration of the course is Three years consisting of Six Semesters.\r\n\r\n\u2022\tEligibility: Plus Two (Any Stream)", "course": 1, "order": 3, "created_date": "2017-03-24T04:45:38Z", "published_date": "2017-03-24T04:45:38Z"}}, {"model": "posts.coursedetail", "pk": 46, "fields": {"author": 2, "cousre_details_id": "bcom_special", "title": "Specialization", "details_text": "\u2022\tB.Com (Taxation)\r\n\r\n\u2022\tB.Com (Travel & Tourism)\r\n\r\n\u2022\tB.Com +TALLY", "course": 1, "order": 4, "created_date": "2017-03-24T04:48:33Z", "published_date": "2017-03-24T04:48:33Z"}}, {"model": "posts.coursedetail", "pk": 47, "fields": {"author": 2, "cousre_details_id": "bcom_strengths", "title": "Strengths of 'TANDEM'", "details_text": "\u2022\tProfessionally managed institution\r\n\r\n\u2022\tFaculty members with several years of experience in teaching the school curriculum.\r\n\r\n\u2022\tEvery teacher undergoes an in-house training program which helps him deliver the concepts in an easy to understand manner. The faculties are trained to help students realize their potential.\r\n\r\n\u2022\tInteractive Classes aimed at continuous evaluation and remedial action.\r\n\r\n\u2022\tWell researched and exhaustive study material.\r\n\r\n\u2022\tRegular doubt clarifying sessions for remedial action.\r\n\r\n\u2022\tHighly effective test series for continuous assessment.\r\n\r\n\u2022\tRegular feedback to parents regarding the progress of the student.", "course": 1, "order": 5, "created_date": "2017-03-24T05:00:14Z", "published_date": "2017-03-24T05:00:14Z"}}, {"model": "posts.coursedetail", "pk": 48, "fields": {"author": 2, "cousre_details_id": "bcom_time", "title": "Time Schedule", "details_text": "\u2022\tRegular Batch: 9.30am to 01.30pm\r\n\r\n\u2022\tMorning batch: 07.00am to 9.00am\r\n\r\n\u2022\tSunday batch:    10.00am to 3.30pm", "course": 1, "order": 6, "created_date": "2017-03-24T05:01:21Z", "published_date": "2017-03-24T05:01:21Z"}}, {"model": "posts.coursedetail", "pk": 49, "fields": {"author": 2, "cousre_details_id": "bba_overview", "title": "Overview", "details_text": "BBA is designed to train future professionals, rather than mere \u2018degree holders\u2019. This course keeps in mind the needs of the industry where the students would ultimately find employment and therefore, has a completely different approach to learning.", "course": 9, "order": 1, "created_date": "2017-03-24T05:03:36Z", "published_date": "2017-03-24T05:03:36Z"}}, {"model": "posts.coursedetail", "pk": 50, "fields": {"author": 2, "cousre_details_id": "bba_features", "title": "Features of the Program", "details_text": "\u2022\tTo create a sound academic base from which an advanced career in computer applications can be developed. \r\n\r\n\u2022\tConceptual grounding in computer usage, as well as its practical business application, will be provided.\r\n\r\n\u2022\tAlso, aims at giving maximum exposure to various areas of computer applications including latest developments keeping pace with the industry.\r\n\r\n\u2022\tTo transform the personality and talent with effective communication and Soft skills.\r\n\r\n\u2022\tHelps you to build your career in computer field.\r\n\r\n\u2022\tTo provide the students with a base of strong domain knowledge for professional application of programming skills.", "course": 9, "order": 2, "created_date": "2017-03-24T05:05:29Z", "published_date": "2017-03-24T05:05:29Z"}}, {"model": "posts.coursedetail", "pk": 51, "fields": {"author": 2, "cousre_details_id": "bba_about", "title": "About the Program", "details_text": "\u2022\tDuration: Duration of the course is Three years.\r\n\r\n\u2022\tEligibility: Plus Two (Any Stream)", "course": 9, "order": 3, "created_date": "2017-03-24T05:07:41Z", "published_date": "2017-03-24T05:07:41Z"}}, {"model": "posts.coursedetail", "pk": 52, "fields": {"author": 2, "cousre_details_id": "bba_strengths", "title": "Strengths of 'TANDEM'", "details_text": "\u2022\tProfessionally managed institution\r\n\r\n\u2022\tFaculty members with several years of experience in teaching the school curriculum.\r\n\r\n\u2022\tEvery teacher undergoes an in-house training program which helps him deliver the concepts in an easy to understand manner. The faculties are trained to help students realize their potential.\r\n\r\n\u2022\tInteractive Classes aimed at continuous evaluation and remedial action.\r\n\r\n\u2022\tWell researched and exhaustive study material.\r\n\r\n\u2022\tRegular doubt clarifying sessions for remedial action.\r\n\r\n\u2022\tHighly effective test series for continuous assessment.\r\n\r\n\u2022\tRegular feedback to parents regarding the progress of the student.", "course": 9, "order": 4, "created_date": "2017-03-24T05:09:00Z", "published_date": "2017-03-24T05:09:00Z"}}, {"model": "posts.coursedetail", "pk": 53, "fields": {"author": 2, "cousre_details_id": "bba_time", "title": "Time Schedule", "details_text": "Monday to Friday:9.30am to 12.30pm", "course": 9, "order": 5, "created_date": "2017-03-24T05:09:39Z", "published_date": "2017-03-24T05:09:39Z"}}, {"model": "posts.coursedetail", "pk": 54, "fields": {"author": 2, "cousre_details_id": "mcom_overview", "title": "Overview", "details_text": "At Tandem, we have developed a unique Teaching program for students who want to pursue a post graduate degree in Commerce. The program, designed by experts imparts all necessary skills to a student that would enable him /her to understand and manage all critical factors related to accounting.\r\n\r\nAfter this course which is Masters of Commerce, candidates can opt for higher studies or can get a job. Post graduates in M.com can look for jobs in both public and private sector. The jobs offered to these post graduates are very challenging.", "course": 10, "order": 1, "created_date": "2017-03-24T05:12:14Z", "published_date": "2017-03-24T05:12:14Z"}}, {"model": "posts.coursedetail", "pk": 55, "fields": {"author": 2, "cousre_details_id": "mcom_features", "title": "Features of the Program", "details_text": "\u2022\tTo provide conceptual knowledge and application skills in the domain of commerce studies.\r\n\r\n\u2022\tIt sharpens students analytical and decision making skills.\r\n\r\n\u2022\tTo facilitate students acquire skills and abilities to become competent and competitive in order to be assured of good careers and job placements.\r\n\r\n\u2022\tTo develop entrepreneurship abilities and managerial skills in students so as to enable them to establish and manage their own business establishments effectively.\r\n\r\n\u2022\t Exam communication of concepts and principles.", "course": 10, "order": 2, "created_date": "2017-03-24T05:14:42Z", "published_date": "2017-03-24T05:14:42Z"}}, {"model": "posts.coursedetail", "pk": 56, "fields": {"author": 2, "cousre_details_id": "mcom_career", "title": "Career Opportunities", "details_text": "\u2022\tAuditors\r\n\r\n\u2022\tBook Keepers\r\n\r\n\u2022\tBudget Analysts\r\n\r\n\u2022\tBusiness Consultants\r\n\r\n\u2022\tChartered Management Accountant\r\n\r\n\u2022\tChief Financial Officer\r\n\r\n\u2022\tFinance Managers\r\n\r\n\u2022\tFinancial Analyst\r\n\r\n\u2022\tHuman Resource Managers\r\n\r\n\u2022\tInvestment Analysts\r\n\r\n\u2022\tMarketing Managers\r\n\r\n\u2022\tStock Brokers\r\n\r\n\u2022\tTeacher/lecturer", "course": 10, "order": 4, "created_date": "2017-03-24T05:15:49Z", "published_date": "2017-03-24T05:15:49Z"}}, {"model": "posts.coursedetail", "pk": 57, "fields": {"author": 2, "cousre_details_id": "mcom_about", "title": "About the Program", "details_text": "\u2022\tIt is a 2-year master\u2019s degree course in commerce. Students who have completed B.com can continue their post graduation program in this stream.\r\n\r\n\u2022\tThis course is especially meant for college students who are presently at the entry level and want to expand their knowledge and career. \r\n\r\n\u2022\tIn M. Com, students are given a choice to major in any of the given specializations.\r\n\r\n Duration: Two years consisting of four academic semesters- MG University.\r\n\r\n\u2022\tEligibility: B.Com or Equivalent recognized by MG University.", "course": 10, "order": 3, "created_date": "2017-03-24T05:17:52Z", "published_date": "2017-03-24T05:17:52Z"}}, {"model": "posts.coursedetail", "pk": 58, "fields": {"author": 2, "cousre_details_id": "mcom_strengths", "title": "Strengths of 'TANDEM'", "details_text": "\u2022\tProfessionally managed institution\r\n\r\n\u2022\tFaculty members with several years of experience in teaching the school curriculum.\r\n\r\n\u2022\tEvery teacher undergoes an in-house training program which helps him deliver the concepts in an easy to understand manner. The faculties are trained to help students realize their potential.\r\n\r\n\u2022\tInteractive Classes aimed at continuous evaluation and remedial action.\r\n\r\n\u2022\tWell researched and exhaustive study material.\r\n\r\n\u2022\tRegular doubt clarifying sessions for remedial action.\r\n\r\n\u2022\tHighly effective test series for continuous assessment.\r\n\r\n\u2022\tRegular feedback to parents regarding the progress of the student.", "course": 10, "order": 5, "created_date": "2017-03-24T05:19:26Z", "published_date": "2017-03-24T05:19:26Z"}}, {"model": "posts.coursedetail", "pk": 59, "fields": {"author": 2, "cousre_details_id": "mcom_time", "title": "Time Schedule", "details_text": "\u2022\tRegular Batch: 9.30am to 01.30pm\r\n\r\n\u2022\tMorning batch: 07.00am to 9.00am\r\n\r\n\u2022\tSunday batch:    10.00am to 3.30pm", "course": 10, "order": 6, "created_date": "2017-03-24T05:21:20Z", "published_date": "2017-03-24T05:21:20Z"}}, {"model": "posts.coursedetail", "pk": 60, "fields": {"author": 2, "cousre_details_id": "mba_overview", "title": "Overview", "details_text": "TANDEM is one among the pioneers in the field of professional education in the state of Kerala, with a vision of nurturing managers of tomorrow by igniting a passion for excellence, and core values of Commitment, Passion, and Integrity. TANDEMhas an enviable record of consistently producing committed management professionals who occupy coveted positions in leading organizations in India and abroad. MBA in specialization in Financial and Marketing Management course is offered to allow the student with a choice to specialize in a course of his interest.", "course": 13, "order": 1, "created_date": "2017-03-24T05:22:34Z", "published_date": "2017-03-24T05:22:34Z"}}, {"model": "posts.coursedetail", "pk": 61, "fields": {"author": 2, "cousre_details_id": "mba_features", "title": "Features of the Program", "details_text": "\u2022\tClasses run by eminently first rate teachers with years of experience\r\n\r\n\u2022\tAnnual study plan, monthly performance evaluation report, identity card, dignified and conducive classroom atmosphere\r\n\r\n\u2022\tArts/sports, extra-curricular activities\r\n\r\n\u2022\tMonthly terminal examinations and model examinations\r\n\r\n\u2022\tJob oriented Teaching methodology\r\n\r\n\u2022\tLibrary and Internet facilities available\r\n\r\n\u2022\tExam communication of concepts and principles", "course": 13, "order": 2, "created_date": "2017-03-24T05:24:50Z", "published_date": "2017-03-24T05:24:50Z"}}, {"model": "posts.coursedetail", "pk": 62, "fields": {"author": 2, "cousre_details_id": "mba_about", "title": "About the Program", "details_text": "\u2022\tDuration: Two Years.\r\n\r\n\u2022\tEligibility: Bachelor\u2019s Degree (3 year course) or Equivalent from recognized University.", "course": 13, "order": 3, "created_date": "2017-03-24T05:26:03Z", "published_date": "2017-03-24T05:26:03Z"}}, {"model": "posts.coursedetail", "pk": 63, "fields": {"author": 2, "cousre_details_id": "mba_special", "title": "Specialization", "details_text": "\u2022\tMBA in Financial Management: At its most basic level, the finance function ensures the effective management of funds for an organization and helps it to stay competitive, or in other words, financially healthy. The MBA in finance exposes students to the concepts of financial analysis, industrial financing, investments and securities and portfolio management among other areas of financial management.\r\n\r\n\r\n\u2022\tMBA in Marketing Management: The prevailing business environment makes it imperative for businesses to think out of the box to stay ahead of businesses the curve. This program deals with the study of sales and services, promotions, advertising, consumer behavior and other factors that affect purchasing decisions.", "course": 13, "order": 4, "created_date": "2017-03-24T05:27:13Z", "published_date": "2017-03-24T05:27:13Z"}}, {"model": "posts.coursedetail", "pk": 64, "fields": {"author": 2, "cousre_details_id": "mba_strengths", "title": "Strengths of 'TANDEM'", "details_text": "\u2022\tProfessionally managed institution\r\n\r\n\u2022\tFaculty members with several years of experience in teaching the school curriculum.\r\n\r\n\u2022\tEvery teacher undergoes an in-house training program which helps him deliver the concepts in an easy to understand manner. The faculties are trained to help students realize their potential.\r\n\r\n\u2022\tInteractive Classes aimed at continuous evaluation and remedial action.\r\n\r\n\u2022\tWell researched and exhaustive study material.\r\n\r\n\u2022\tRegular doubt clarifying sessions for remedial action.\r\n\r\n\u2022\tHighly effective test series for continuous assessment.\r\n\r\n\u2022\tRegular feedback to parents regarding the progress of the student.", "course": 13, "order": 5, "created_date": "2017-03-24T05:29:02Z", "published_date": "2017-03-24T05:29:02Z"}}, {"model": "posts.coursedetail", "pk": 65, "fields": {"author": 2, "cousre_details_id": "mba_time", "title": "Time Schedule", "details_text": "\u2022\tRegular Batch: 9.30am to 01.30pm\r\n\r\n\u2022\tMorning batch: 07.00am to 9.00am\r\n\r\n\u2022\tSunday batch:    10.00am to 3.30pm", "course": 13, "order": 6, "created_date": "2017-03-24T05:29:55Z", "published_date": "2017-03-24T05:29:55Z"}}, {"model": "posts.coursedetail", "pk": 66, "fields": {"author": 2, "cousre_details_id": "pgd_overview", "title": "Overview", "details_text": "The Post Graduate Diploma in Human Resource Management focuses on developing HR leaders by stimulating critical thinking and focusing on innovations in this field.", "course": 15, "order": 1, "created_date": "2017-03-24T05:31:36Z", "published_date": "2017-03-24T05:31:36Z"}}, {"model": "posts.coursedetail", "pk": 67, "fields": {"author": 2, "cousre_details_id": "pgd_about", "title": "About the Program", "details_text": "\u2022\tDuration:  One Year\r\n\r\n\u2022\tEligibility: Any Degree or an Equivalent examination", "course": 15, "order": 2, "created_date": "2017-03-24T05:34:02Z", "published_date": "2017-03-24T05:34:02Z"}}, {"model": "posts.coursedetail", "pk": 68, "fields": {"author": 2, "cousre_details_id": "pgd_career", "title": "Career Opportunities", "details_text": "\u2022\tHR Officer\t\r\n\r\n\u2022\tSenior HR Officer\r\n\r\n\u2022\tAdministrative Head\r\n\r\n\u2022\tPlacement Officer\r\n\r\n\u2022\tRecruitment Coordinator\r\n\r\n\u2022\tRecruiter, HR Consultant\r\n\r\n\u2022\tHR Manager\r\n\r\n\u2022\tTraining & Development Officer\r\n\r\n\u2022\tLearning & Development Officer", "course": 15, "order": 3, "created_date": "2017-03-24T05:36:58Z", "published_date": "2017-03-24T05:36:58Z"}}, {"model": "posts.coursedetail", "pk": 69, "fields": {"author": 2, "cousre_details_id": "pgd_strengths", "title": "Strengths of 'TANDEM'", "details_text": "\u2022\tProfessionally managed institution\r\n\r\n\u2022\tFaculty members with several years of experience in teaching the school curriculum.\r\n\r\n\u2022\tEvery teacher undergoes an in-house training program which helps him deliver the concepts in an easy to understand manner. The faculties are trained to help students realize their potential.\r\n\r\n\u2022\tInteractive Classes aimed at continuous evaluation and remedial action.\r\n\r\n\u2022\tWell researched and exhaustive study material\r\n\r\n\u2022\tRegular doubt clarifying sessions for remedial action.\r\n\r\n\u2022\tHighly effective test series for continuous assessment.\r\n\r\n\u2022\tRegular feedback to parents regarding the progress of the student.", "course": 15, "order": 4, "created_date": "2017-03-24T05:41:27Z", "published_date": "2017-03-24T05:41:27Z"}}, {"model": "posts.coursedetail", "pk": 70, "fields": {"author": 2, "cousre_details_id": "pgd_time", "title": "Time Schedule", "details_text": "\u2022\tSunday batch:    10.00am to 3.30pm", "course": 15, "order": 5, "created_date": "2017-03-24T05:42:20Z", "published_date": "2017-03-24T05:42:20Z"}}, {"model": "posts.coursedetail", "pk": 71, "fields": {"author": 2, "cousre_details_id": "plustwo_time", "title": "Time Schedule", "details_text": "Regular Batch\r\n\r\nMonday to Friday:9.30 am to 12.30 pm", "course": 19, "order": 5, "created_date": "2017-03-24T05:52:00Z", "published_date": "2017-03-24T05:52:00Z"}}, {"model": "posts.coursedetail", "pk": 72, "fields": {"author": 2, "cousre_details_id": "nios_time", "title": "Time Schedule", "details_text": "Regular Batch: 9.30am to12.30pm\r\n\r\n            Sunday batch:    10.00am to 3.30pm", "course": 18, "order": 5, "created_date": "2017-03-24T05:55:04Z", "published_date": "2017-03-24T05:55:04Z"}}, {"model": "posts.coursedetail", "pk": 73, "fields": {"author": 2, "cousre_details_id": "psc_overview", "title": "Overview", "details_text": "", "course": 20, "order": 1, "created_date": "2017-03-24T09:22:08Z", "published_date": "2017-03-24T09:22:08Z"}}, {"model": "posts.coursedetail", "pk": 74, "fields": {"author": 2, "cousre_details_id": "psc_features", "title": "Features of the Program", "details_text": "\u2022\tFoundation lectures to sharpen your basics\r\n\r\n\u2022\tMeticulously designed study material\r\n\r\n\u2022\tFully simulated weekly test.\r\n\r\n\u2022\tFlexible timings for working professional (Morning, evening, afternoon, & weekend batches)", "course": 20, "order": 1, "created_date": "2017-03-24T09:23:03Z", "published_date": "2017-03-24T09:23:03Z"}}, {"model": "posts.coursedetail", "pk": 75, "fields": {"author": 2, "cousre_details_id": "psc_about", "title": "About the Program", "details_text": "Duration:\tSix Months", "course": 20, "order": 3, "created_date": "2017-03-24T09:25:35Z", "published_date": "2017-03-24T09:25:35Z"}}, {"model": "posts.coursedetail", "pk": 76, "fields": {"author": 2, "cousre_details_id": "psc_time", "title": "Time Schedule", "details_text": "Monday to Friday : 2.00 pm to 4.pm\r\n\r\n     Saturday Batch:      2.00pm to 4pm\r\n\r\n     Sunday Batch:       10.00 am to 1.00 pm", "course": 20, "order": 4, "created_date": "2017-03-24T09:27:08Z", "published_date": "2017-03-24T09:27:08Z"}}, {"model": "posts.result", "pk": 1, "fields": {"author": 1, "result_id": "NEET2016", "title": "JEE/NEET 2017", "featured_result": true, "details_text": "", "highlight_text": "", "background": "results/bg/default_result.jpg", "batch": "2016-2017", "created_date": "2017-03-08T05:32:52Z", "published_date": "2017-03-08T05:33:00Z", "category": 3}}, {"model": "posts.result", "pk": 2, "fields": {"author": 1, "result_id": "BCom 2016", "title": "BCOM / BA 2016-17", "featured_result": false, "details_text": "", "highlight_text": "", "background": "results/bg/default_result.jpg", "batch": "2016-2017", "created_date": "2017-03-08T05:33:28Z", "published_date": "2017-03-08T05:33:00Z", "category": 6}}, {"model": "posts.topscorer", "pk": 1, "fields": {"author": 1, "top_scorer_id": "rajesh01", "student_name": "Rajesh Moses", "student_title": "Best Outgoing Student", "student_photo": "results/student/student_svw7Lz7.png", "result": 1, "course": 6, "batch": "2016-2017", "featured_top_scorer": false, "created_date": "2017-03-08T05:34:00Z", "published_date": "2017-03-08T05:34:00Z"}}, {"model": "posts.topscorer", "pk": 2, "fields": {"author": 1, "top_scorer_id": "mathew02", "student_name": "Mathew Augustine", "student_title": "NEET Rank 3", "student_photo": "results/student/student2_EICtuSd.png", "result": 1, "course": 6, "batch": "2016-2017", "featured_top_scorer": true, "created_date": "2017-03-08T05:34:46Z", "published_date": "2017-03-08T05:35:00Z"}}, {"model": "posts.topscorer", "pk": 3, "fields": {"author": 1, "top_scorer_id": "vijayalakshmi", "student_name": "Vijayalakshmi L", "student_title": "B COM Rank 2", "student_photo": "results/student/student3_KEGyBgE.png", "result": 2, "course": 1, "batch": "2016-2017", "featured_top_scorer": false, "created_date": "2017-03-08T05:35:22Z", "published_date": "2017-03-08T05:35:00Z"}}, {"model": "posts.testimonial", "pk": 2, "fields": {"author": 1, "testimonial_id": "test02", "student_title": "Best Outgoing Student", "student_name": "Balasankar M", "course": 1, "student_photo": "testimonial/student/student2_bGv4deI.png", "background": "testimonial/bg/skills_bg_RRcBUCM_OtNTaHS.jpg", "text": "Lorem Ipsum is simply dummy text of the printing and typesetting industry. Lorem Ipsum has been the industry's standard dummy text ever since the 1500s, when an unknown printer took a galley of type and scrambled it to make a type specimen book.", "created_date": "2017-02-20T06:15:45Z", "published_date": "2017-02-20T06:16:29Z"}}, {"model": "posts.testimonial", "pk": 3, "fields": {"author": 1, "testimonial_id": "test03", "student_title": "A+ in all subjects", "student_name": "Lekshmi S", "course": 1, "student_photo": "testimonial/student/student3_WiDajLr.png", "background": "testimonial/bg/skills_bg_RRcBUCM_rC5I3OF.jpg", "text": "Lorem Ipsum is simply dummy text of the printing and typesetting industry. Lorem Ipsum has been the industry's standard dummy text ever since the 1500s, when an unknown printer took a galley of type and scrambled it to make a type specimen book.", "created_date": "2017-02-20T06:16:28Z", "published_date": "2017-02-20T06:17:08Z"}}, {"model": "posts.center", "pk": 1, "fields": {"author": 1, "center_id": "ernakulam01", "location": "Ernakulam", "latitude": "9.9839301000", "longitude": "76.2829846000", "address_line1": "2nd Floor, STR Complex", "address_line2": "Veekshanam Road", "address_line3": "Opp. International Hotel", "address_line4": "Ernakulam 682035", "email": "tandemekm@gmail.com", "created_date": "2017-03-09T13:37:03Z", "published_date": "2017-03-09T13:38:00Z"}}, {"model": "posts.center", "pk": 2, "fields": {"author": 1, "center_id": "tvm", "location": "Thiruvanathapuram", "latitude": "8.4909704000", "longitude": "76.9474192000", "address_line1": "BRINDAVAN, T.C 25/92(2)", "address_line2": "GANDHARI AMMAN KOVIL ROAD", "address_line3": "PUTHENCHANTHA", "address_line4": "Trivandrum 695001", "email": "", "created_date": "2017-03-09T13:38:54Z", "published_date": "2017-03-09T13:39:00Z"}}, {"model": "posts.center", "pk": 3, "fields": {"author": 1, "center_id": "tripunithura", "location": "Tripunithura", "latitude": "9.9452962000", "longitude": "76.3505119000", "address_line1": "2nd Floor, Pindis Arcade", "address_line2": "Opp. HDFC Bank", "address_line3": "Market Road", "address_line4": "Tripunithura 682301", "email": "", "created_date": "2017-03-16T06:08:03Z", "published_date": "2017-03-16T06:08:00Z"}}, {"model": "posts.division", "pk": 1, "fields": {"author": 1, "division_id": "commerce", "title": "Commerce", "created_date": "2017-03-09T13:39:51Z", "published_date": "2017-03-09T13:40:00Z"}}, {"model": "posts.division", "pk": 2, "fields": {"author": 1, "division_id": "science", "title": "Science", "created_date": "2017-03-09T13:40:05Z", "published_date": "2017-03-09T13:40:00Z"}}, {"model": "posts.contact", "pk": 1, "fields": {"author": 1, "contact_id": "principal_commerce2017", "title": "Principal", "name": "Sebastian Antony", "email": "", "phone": "9567679797", "division": 1, "center": 1, "created_date": "2017-03-09T13:45:39Z", "published_date": "2017-03-09T13:47:00Z"}}, {"model": "posts.contact", "pk": 2, "fields": {"author": 1, "contact_id": "coordinator_science_eklm", "title": "Co-ordinator", "name": "Reshma K R", "email": "", "phone": "9207870033", "division": 2, "center": 1, "created_date": "2017-03-09T13:47:47Z", "published_date": "2017-03-09T13:49:00Z"}}, {"model": "posts.contact", "pk": 3, "fields": {"author": 1, "contact_id": "coordinator_comm_tvm", "title": "Co-ordinator", "name": "K R Sreekumar", "email": "", "phone": "9495520460", "division": 1, "center": 2, "created_date": "2017-03-09T13:49:22Z", "published_date": "2017-03-09T13:50:00Z"}}, {"model": "posts.contact", "pk": 4, "fields": {"author": 1, "contact_id": "coordinator_science_tri", "title": "Co-ordinator", "name": "Padmaja K R", "email": "", "phone": "0484-2785090", "division": 2, "center": 3, "created_date": "2017-03-17T07:24:24Z", "published_date": "2017-03-17T07:27:00Z"}}, {"model": "admin.logentry", "pk": 1, "fields": {"action_time": "2017-02-14T10:09:50.313Z", "user": 1, "content_type": 7, "object_id": "1", "object_repr": "home_01", "action_flag": 1, "change_message": "[{\"added\": {}}]"}}, {"model": "admin.logentry", "pk": 2, "fields": {"action_time": "2017-02-20T05:59:36.325Z", "user": 1, "content_type": 12, "object_id": "1", "object_repr": "exam01", "action_flag": 1, "change_message": "[{\"added\": {}}]"}}, {"model": "admin.logentry", "pk": 3, "fields": {"action_time": "2017-02-20T06:00:06.504Z", "user": 1, "content_type": 12, "object_id": "2", "object_repr": "exam02", "action_flag": 1, "change_message": "[{\"added\": {}}]"}}, {"model": "admin.logentry", "pk": 4, "fields": {"action_time": "2017-02-20T06:00:54.857Z", "user": 1, "content_type": 9, "object_id": "1", "object_repr": "mock01", "action_flag": 1, "change_message": "[{\"added\": {}}]"}}, {"model": "admin.logentry", "pk": 5, "fields": {"action_time": "2017-02-20T06:01:44.268Z", "user": 1, "content_type": 9, "object_id": "2", "object_repr": "mock02", "action_flag": 1, "change_message": "[{\"added\": {}}]"}}, {"model": "admin.logentry", "pk": 6, "fields": {"action_time": "2017-02-20T06:03:01.775Z", "user": 1, "content_type": 10, "object_id": "1", "object_repr": "news01", "action_flag": 1, "change_message": "[{\"added\": {}}]"}}, {"model": "admin.logentry", "pk": 7, "fields": {"action_time": "2017-02-20T06:04:04.929Z", "user": 1, "content_type": 10, "object_id": "2", "object_repr": "news02", "action_flag": 1, "change_message": "[{\"added\": {}}]"}}, {"model": "admin.logentry", "pk": 8, "fields": {"action_time": "2017-02-20T06:08:43.086Z", "user": 1, "content_type": 7, "object_id": "1", "object_repr": "home_01", "action_flag": 2, "change_message": "[{\"changed\": {\"fields\": [\"photo\"]}}]"}}, {"model": "admin.logentry", "pk": 9, "fields": {"action_time": "2017-02-20T06:10:01.687Z", "user": 1, "content_type": 7, "object_id": "2", "object_repr": "notice02", "action_flag": 1, "change_message": "[{\"added\": {}}]"}}, {"model": "admin.logentry", "pk": 10, "fields": {"action_time": "2017-02-20T06:10:50.830Z", "user": 1, "content_type": 7, "object_id": "3", "object_repr": "notice03", "action_flag": 1, "change_message": "[{\"added\": {}}]"}}, {"model": "admin.logentry", "pk": 11, "fields": {"action_time": "2017-02-20T06:11:09.703Z", "user": 1, "content_type": 7, "object_id": "1", "object_repr": "notice_01", "action_flag": 2, "change_message": "[{\"changed\": {\"fields\": [\"notice_id\"]}}]"}}, {"model": "admin.logentry", "pk": 12, "fields": {"action_time": "2017-02-20T06:13:17.407Z", "user": 1, "content_type": 8, "object_id": "1", "object_repr": "slogan01", "action_flag": 1, "change_message": "[{\"added\": {}}]"}}, {"model": "admin.logentry", "pk": 13, "fields": {"action_time": "2017-02-20T06:14:11.636Z", "user": 1, "content_type": 8, "object_id": "2", "object_repr": "slogan02", "action_flag": 1, "change_message": "[{\"added\": {}}]"}}, {"model": "admin.logentry", "pk": 14, "fields": {"action_time": "2017-02-20T06:14:16.411Z", "user": 1, "content_type": 8, "object_id": "3", "object_repr": "slogan02", "action_flag": 1, "change_message": "[{\"added\": {}}]"}}, {"model": "admin.logentry", "pk": 15, "fields": {"action_time": "2017-02-20T06:14:28.753Z", "user": 1, "content_type": 8, "object_id": "2", "object_repr": "slogan02", "action_flag": 3, "change_message": ""}}, {"model": "admin.logentry", "pk": 16, "fields": {"action_time": "2017-02-20T06:15:45.122Z", "user": 1, "content_type": 13, "object_id": "1", "object_repr": "testi01", "action_flag": 1, "change_message": "[{\"added\": {}}]"}}, {"model": "admin.logentry", "pk": 17, "fields": {"action_time": "2017-02-20T06:16:28.114Z", "user": 1, "content_type": 13, "object_id": "2", "object_repr": "test02", "action_flag": 1, "change_message": "[{\"added\": {}}]"}}, {"model": "admin.logentry", "pk": 18, "fields": {"action_time": "2017-02-20T06:17:05.220Z", "user": 1, "content_type": 13, "object_id": "3", "object_repr": "test03", "action_flag": 1, "change_message": "[{\"added\": {}}]"}}, {"model": "admin.logentry", "pk": 19, "fields": {"action_time": "2017-02-20T09:36:56.830Z", "user": 1, "content_type": 2, "object_id": "1", "object_repr": "cAdmin", "action_flag": 1, "change_message": "[{\"added\": {}}]"}}, {"model": "admin.logentry", "pk": 20, "fields": {"action_time": "2017-02-20T09:38:15.025Z", "user": 1, "content_type": 3, "object_id": "2", "object_repr": "tandem", "action_flag": 1, "change_message": "[{\"added\": {}}]"}}, {"model": "admin.logentry", "pk": 21, "fields": {"action_time": "2017-02-20T09:38:58.531Z", "user": 1, "content_type": 3, "object_id": "2", "object_repr": "tandem", "action_flag": 2, "change_message": "[{\"changed\": {\"fields\": [\"is_staff\"]}}]"}}, {"model": "admin.logentry", "pk": 22, "fields": {"action_time": "2017-02-20T09:40:59.129Z", "user": 1, "content_type": 3, "object_id": "2", "object_repr": "tandem", "action_flag": 2, "change_message": "[]"}}, {"model": "admin.logentry", "pk": 23, "fields": {"action_time": "2017-02-22T09:41:35.804Z", "user": 1, "content_type": 8, "object_id": "3", "object_repr": "slogan02", "action_flag": 2, "change_message": "[{\"changed\": {\"fields\": [\"background\"]}}]"}}, {"model": "admin.logentry", "pk": 24, "fields": {"action_time": "2017-02-22T09:41:48.381Z", "user": 1, "content_type": 8, "object_id": "1", "object_repr": "slogan01", "action_flag": 2, "change_message": "[{\"changed\": {\"fields\": [\"background\"]}}]"}}, {"model": "admin.logentry", "pk": 25, "fields": {"action_time": "2017-02-22T12:35:26.942Z", "user": 1, "content_type": 7, "object_id": "4", "object_repr": "notice04", "action_flag": 1, "change_message": "[{\"added\": {}}]"}}, {"model": "admin.logentry", "pk": 26, "fields": {"action_time": "2017-02-22T12:36:35.029Z", "user": 1, "content_type": 10, "object_id": "3", "object_repr": "news03", "action_flag": 1, "change_message": "[{\"added\": {}}]"}}, {"model": "admin.logentry", "pk": 27, "fields": {"action_time": "2017-02-22T12:38:43.275Z", "user": 1, "content_type": 7, "object_id": "4", "object_repr": "notice04", "action_flag": 2, "change_message": "[{\"changed\": {\"fields\": [\"photo\"]}}]"}}, {"model": "admin.logentry", "pk": 28, "fields": {"action_time": "2017-02-22T12:39:27.604Z", "user": 1, "content_type": 10, "object_id": "3", "object_repr": "news03", "action_flag": 2, "change_message": "[{\"changed\": {\"fields\": [\"text\"]}}]"}}, {"model": "admin.logentry", "pk": 29, "fields": {"action_time": "2017-02-22T12:40:03.164Z", "user": 1, "content_type": 10, "object_id": "1", "object_repr": "news01", "action_flag": 2, "change_message": "[{\"changed\": {\"fields\": [\"text\"]}}]"}}, {"model": "admin.logentry", "pk": 30, "fields": {"action_time": "2017-02-22T12:40:27.100Z", "user": 1, "content_type": 10, "object_id": "2", "object_repr": "news02", "action_flag": 2, "change_message": "[{\"changed\": {\"fields\": [\"text\"]}}]"}}, {"model": "admin.logentry", "pk": 31, "fields": {"action_time": "2017-03-03T07:59:12.860Z", "user": 1, "content_type": 15, "object_id": "1", "object_repr": "Science", "action_flag": 1, "change_message": "[{\"added\": {}}]"}}, {"model": "admin.logentry", "pk": 32, "fields": {"action_time": "2017-03-03T07:59:16.432Z", "user": 1, "content_type": 15, "object_id": "1", "object_repr": "Science", "action_flag": 2, "change_message": "[]"}}, {"model": "admin.logentry", "pk": 33, "fields": {"action_time": "2017-03-03T07:59:26.869Z", "user": 1, "content_type": 15, "object_id": "2", "object_repr": "Commerce", "action_flag": 1, "change_message": "[{\"added\": {}}]"}}, {"model": "admin.logentry", "pk": 34, "fields": {"action_time": "2017-03-03T07:59:37.599Z", "user": 1, "content_type": 15, "object_id": "3", "object_repr": "Competitive", "action_flag": 1, "change_message": "[{\"added\": {}}]"}}, {"model": "admin.logentry", "pk": 35, "fields": {"action_time": "2017-03-03T08:00:20.853Z", "user": 1, "content_type": 16, "object_id": "1", "object_repr": "PSC Coaching", "action_flag": 1, "change_message": "[{\"added\": {}}]"}}, {"model": "admin.logentry", "pk": 36, "fields": {"action_time": "2017-03-03T08:00:38.324Z", "user": 1, "content_type": 16, "object_id": "2", "object_repr": "Other Competitive Exams", "action_flag": 1, "change_message": "[{\"added\": {}}]"}}, {"model": "admin.logentry", "pk": 37, "fields": {"action_time": "2017-03-03T08:00:49.953Z", "user": 1, "content_type": 16, "object_id": "3", "object_repr": "Entrance Coaching", "action_flag": 1, "change_message": "[{\"added\": {}}]"}}, {"model": "admin.logentry", "pk": 38, "fields": {"action_time": "2017-03-03T08:01:02.674Z", "user": 1, "content_type": 16, "object_id": "4", "object_repr": "Tution", "action_flag": 1, "change_message": "[{\"added\": {}}]"}}, {"model": "admin.logentry", "pk": 39, "fields": {"action_time": "2017-03-03T08:01:13.033Z", "user": 1, "content_type": 16, "object_id": "5", "object_repr": "Post Graduate Courses", "action_flag": 1, "change_message": "[{\"added\": {}}]"}}, {"model": "admin.logentry", "pk": 40, "fields": {"action_time": "2017-03-03T08:01:33.809Z", "user": 1, "content_type": 16, "object_id": "6", "object_repr": "Undergraduate Courses", "action_flag": 1, "change_message": "[{\"added\": {}}]"}}, {"model": "admin.logentry", "pk": 41, "fields": {"action_time": "2017-03-03T08:01:49.578Z", "user": 1, "content_type": 16, "object_id": "7", "object_repr": "Plus Two / NIOS", "action_flag": 1, "change_message": "[{\"added\": {}}]"}}, {"model": "admin.logentry", "pk": 42, "fields": {"action_time": "2017-03-03T08:02:41.720Z", "user": 1, "content_type": 14, "object_id": "1", "object_repr": "bcom2017", "action_flag": 1, "change_message": "[{\"added\": {}}]"}}, {"model": "admin.logentry", "pk": 43, "fields": {"action_time": "2017-03-03T08:03:38.761Z", "user": 1, "content_type": 14, "object_id": "2", "object_repr": "8910tution2017", "action_flag": 1, "change_message": "[{\"added\": {}}]"}}, {"model": "admin.logentry", "pk": 44, "fields": {"action_time": "2017-03-03T08:04:02.656Z", "user": 1, "content_type": 14, "object_id": "3", "object_repr": "1112tution2017", "action_flag": 1, "change_message": "[{\"added\": {}}]"}}, {"model": "admin.logentry", "pk": 45, "fields": {"action_time": "2017-03-03T08:04:35.386Z", "user": 1, "content_type": 14, "object_id": "4", "object_repr": "ba_english2017", "action_flag": 1, "change_message": "[{\"added\": {}}]"}}, {"model": "admin.logentry", "pk": 46, "fields": {"action_time": "2017-03-03T08:05:11.211Z", "user": 1, "content_type": 14, "object_id": "5", "object_repr": "jee_adv2017", "action_flag": 1, "change_message": "[{\"added\": {}}]"}}, {"model": "admin.logentry", "pk": 47, "fields": {"action_time": "2017-03-03T08:05:43.001Z", "user": 1, "content_type": 14, "object_id": "6", "object_repr": "neet_2017", "action_flag": 1, "change_message": "[{\"added\": {}}]"}}, {"model": "admin.logentry", "pk": 48, "fields": {"action_time": "2017-03-07T04:27:32.098Z", "user": 1, "content_type": 14, "object_id": "1", "object_repr": "bcom2017", "action_flag": 2, "change_message": "[{\"changed\": {\"fields\": [\"details_text\", \"schedule_text\"]}}]"}}, {"model": "admin.logentry", "pk": 49, "fields": {"action_time": "2017-03-07T04:27:36.354Z", "user": 1, "content_type": 14, "object_id": "1", "object_repr": "bcom2017", "action_flag": 2, "change_message": "[]"}}, {"model": "admin.logentry", "pk": 50, "fields": {"action_time": "2017-03-08T05:32:12.337Z", "user": 1, "content_type": 13, "object_id": "3", "object_repr": "test03", "action_flag": 2, "change_message": "[{\"changed\": {\"fields\": [\"course\"]}}]"}}, {"model": "admin.logentry", "pk": 51, "fields": {"action_time": "2017-03-08T05:32:20.438Z", "user": 1, "content_type": 13, "object_id": "2", "object_repr": "test02", "action_flag": 2, "change_message": "[{\"changed\": {\"fields\": [\"course\"]}}]"}}, {"model": "admin.logentry", "pk": 52, "fields": {"action_time": "2017-03-08T05:32:26.613Z", "user": 1, "content_type": 13, "object_id": "1", "object_repr": "testi01", "action_flag": 2, "change_message": "[{\"changed\": {\"fields\": [\"course\"]}}]"}}, {"model": "admin.logentry", "pk": 53, "fields": {"action_time": "2017-03-08T05:33:28.164Z", "user": 1, "content_type": 20, "object_id": "1", "object_repr": "NEET2016", "action_flag": 1, "change_message": "[{\"added\": {}}]"}}, {"model": "admin.logentry", "pk": 54, "fields": {"action_time": "2017-03-08T05:33:52.796Z", "user": 1, "content_type": 20, "object_id": "2", "object_repr": "BCom 2016", "action_flag": 1, "change_message": "[{\"added\": {}}]"}}, {"model": "admin.logentry", "pk": 55, "fields": {"action_time": "2017-03-08T05:34:46.236Z", "user": 1, "content_type": 19, "object_id": "1", "object_repr": "rajesh01", "action_flag": 1, "change_message": "[{\"added\": {}}]"}}, {"model": "admin.logentry", "pk": 56, "fields": {"action_time": "2017-03-08T05:35:22.173Z", "user": 1, "content_type": 19, "object_id": "2", "object_repr": "mathew02", "action_flag": 1, "change_message": "[{\"added\": {}}]"}}, {"model": "admin.logentry", "pk": 57, "fields": {"action_time": "2017-03-08T05:36:03.306Z", "user": 1, "content_type": 19, "object_id": "3", "object_repr": "vijayalakshmi", "action_flag": 1, "change_message": "[{\"added\": {}}]"}}, {"model": "admin.logentry", "pk": 58, "fields": {"action_time": "2017-03-08T13:11:16.044Z", "user": 1, "content_type": 10, "object_id": "2", "object_repr": "news02", "action_flag": 2, "change_message": "[{\"changed\": {\"fields\": [\"youtube_url\"]}}]"}}, {"model": "admin.logentry", "pk": 59, "fields": {"action_time": "2017-03-08T13:11:46.392Z", "user": 1, "content_type": 9, "object_id": "2", "object_repr": "mock02", "action_flag": 2, "change_message": "[{\"changed\": {\"fields\": [\"question_paper_url\"]}}]"}}, {"model": "admin.logentry", "pk": 60, "fields": {"action_time": "2017-03-08T13:11:57.894Z", "user": 1, "content_type": 9, "object_id": "1", "object_repr": "mock01", "action_flag": 2, "change_message": "[{\"changed\": {\"fields\": [\"question_paper_url\"]}}]"}}, {"model": "admin.logentry", "pk": 61, "fields": {"action_time": "2017-03-09T13:38:53.791Z", "user": 1, "content_type": 22, "object_id": "1", "object_repr": "ernakulam01", "action_flag": 1, "change_message": "[{\"added\": {}}]"}}, {"model": "admin.logentry", "pk": 62, "fields": {"action_time": "2017-03-09T13:39:43.551Z", "user": 1, "content_type": 22, "object_id": "2", "object_repr": "tvm", "action_flag": 1, "change_message": "[{\"added\": {}}]"}}, {"model": "admin.logentry", "pk": 63, "fields": {"action_time": "2017-03-09T13:40:05.145Z", "user": 1, "content_type": 23, "object_id": "1", "object_repr": "commerce", "action_flag": 1, "change_message": "[{\"added\": {}}]"}}, {"model": "admin.logentry", "pk": 64, "fields": {"action_time": "2017-03-09T13:40:15.958Z", "user": 1, "content_type": 23, "object_id": "2", "object_repr": "science", "action_flag": 1, "change_message": "[{\"added\": {}}]"}}, {"model": "admin.logentry", "pk": 65, "fields": {"action_time": "2017-03-09T13:47:47.019Z", "user": 1, "content_type": 21, "object_id": "1", "object_repr": "principal_commerce2017", "action_flag": 1, "change_message": "[{\"added\": {}}]"}}, {"model": "admin.logentry", "pk": 66, "fields": {"action_time": "2017-03-09T13:49:22.510Z", "user": 1, "content_type": 21, "object_id": "2", "object_repr": "coordinator_science_eklm", "action_flag": 1, "change_message": "[{\"added\": {}}]"}}, {"model": "admin.logentry", "pk": 67, "fields": {"action_time": "2017-03-09T13:50:07.125Z", "user": 1, "content_type": 21, "object_id": "3", "object_repr": "coordinator_comm_tvm", "action_flag": 1, "change_message": "[{\"added\": {}}]"}}, {"model": "admin.logentry", "pk": 68, "fields": {"action_time": "2017-03-10T09:47:03.027Z", "user": 1, "content_type": 18, "object_id": "1", "object_repr": "Course Details", "action_flag": 1, "change_message": "[{\"added\": {}}]"}}, {"model": "admin.logentry", "pk": 69, "fields": {"action_time": "2017-03-10T09:47:17.566Z", "user": 1, "content_type": 14, "object_id": "6", "object_repr": "neet_2017", "action_flag": 2, "change_message": "[{\"changed\": {\"fields\": [\"document\"]}}]"}}, {"model": "admin.logentry", "pk": 70, "fields": {"action_time": "2017-03-10T09:47:26.066Z", "user": 1, "content_type": 14, "object_id": "5", "object_repr": "jee_adv2017", "action_flag": 2, "change_message": "[{\"changed\": {\"fields\": [\"document\"]}}]"}}, {"model": "admin.logentry", "pk": 71, "fields": {"action_time": "2017-03-10T09:47:34.486Z", "user": 1, "content_type": 14, "object_id": "4", "object_repr": "ba_english2017", "action_flag": 2, "change_message": "[{\"changed\": {\"fields\": [\"document\"]}}]"}}, {"model": "admin.logentry", "pk": 72, "fields": {"action_time": "2017-03-10T09:47:41.997Z", "user": 1, "content_type": 14, "object_id": "3", "object_repr": "1112tution2017", "action_flag": 2, "change_message": "[{\"changed\": {\"fields\": [\"document\"]}}]"}}, {"model": "admin.logentry", "pk": 73, "fields": {"action_time": "2017-03-10T09:47:51.218Z", "user": 1, "content_type": 14, "object_id": "2", "object_repr": "8910tution2017", "action_flag": 2, "change_message": "[{\"changed\": {\"fields\": [\"document\"]}}]"}}, {"model": "admin.logentry", "pk": 74, "fields": {"action_time": "2017-03-10T09:48:00.104Z", "user": 1, "content_type": 14, "object_id": "1", "object_repr": "bcom2017", "action_flag": 2, "change_message": "[{\"changed\": {\"fields\": [\"document\"]}}]"}}, {"model": "admin.logentry", "pk": 75, "fields": {"action_time": "2017-03-10T13:27:04.889Z", "user": 1, "content_type": 3, "object_id": "2", "object_repr": "tandem", "action_flag": 2, "change_message": "[{\"changed\": {\"fields\": [\"password\"]}}]"}}, {"model": "admin.logentry", "pk": 76, "fields": {"action_time": "2017-03-10T13:29:07.051Z", "user": 1, "content_type": 2, "object_id": "1", "object_repr": "cAdmin", "action_flag": 2, "change_message": "[]"}}, {"model": "admin.logentry", "pk": 77, "fields": {"action_time": "2017-03-16T05:35:35.142Z", "user": 1, "content_type": 24, "object_id": "1", "object_repr": "SiteConfiguration object", "action_flag": 2, "change_message": "[{\"changed\": {\"fields\": [\"address\", \"aboutus_text\"]}}]"}}, {"model": "admin.logentry", "pk": 78, "fields": {"action_time": "2017-03-16T05:53:59.719Z", "user": 1, "content_type": 14, "object_id": "1", "object_repr": "bcom2017", "action_flag": 2, "change_message": "[{\"changed\": {\"fields\": [\"details_text\"]}}]"}}, {"model": "admin.logentry", "pk": 79, "fields": {"action_time": "2017-03-16T05:54:52.173Z", "user": 1, "content_type": 14, "object_id": "1", "object_repr": "bcom2017", "action_flag": 2, "change_message": "[{\"changed\": {\"fields\": [\"details_text\"]}}]"}}, {"model": "admin.logentry", "pk": 80, "fields": {"action_time": "2017-03-16T05:57:01.594Z", "user": 1, "content_type": 24, "object_id": "1", "object_repr": "SiteConfiguration object", "action_flag": 2, "change_message": "[{\"changed\": {\"fields\": [\"phone\"]}}]"}}, {"model": "admin.logentry", "pk": 81, "fields": {"action_time": "2017-03-16T06:08:51.877Z", "user": 1, "content_type": 22, "object_id": "3", "object_repr": "tripunithura", "action_flag": 1, "change_message": "[{\"added\": {}}]"}}, {"model": "admin.logentry", "pk": 82, "fields": {"action_time": "2017-03-17T07:26:19.834Z", "user": 2, "content_type": 21, "object_id": "4", "object_repr": "coordinator_science_tri", "action_flag": 1, "change_message": "[{\"added\": {}}]"}}, {"model": "admin.logentry", "pk": 83, "fields": {"action_time": "2017-03-17T07:27:18.956Z", "user": 2, "content_type": 21, "object_id": "4", "object_repr": "coordinator_science_tri", "action_flag": 2, "change_message": "[{\"changed\": {\"fields\": [\"published_date\"]}}]"}}, {"model": "admin.logentry", "pk": 84, "fields": {"action_time": "2017-03-17T07:32:18.515Z", "user": 2, "content_type": 22, "object_id": "3", "object_repr": "tripunithura", "action_flag": 2, "change_message": "[{\"changed\": {\"fields\": [\"address_line1\", \"address_line2\", \"address_line3\", \"address_line4\"]}}]"}}, {"model": "admin.logentry", "pk": 85, "fields": {"action_time": "2017-03-17T08:52:22.258Z", "user": 2, "content_type": 16, "object_id": "4", "object_repr": "Tuition", "action_flag": 2, "change_message": "[{\"changed\": {\"fields\": [\"title\"]}}]"}}, {"model": "admin.logentry", "pk": 86, "fields": {"action_time": "2017-03-17T08:52:31.824Z", "user": 2, "content_type": 16, "object_id": "5", "object_repr": "Post Graduate Courses", "action_flag": 2, "change_message": "[]"}}, {"model": "admin.logentry", "pk": 87, "fields": {"action_time": "2017-03-17T08:52:41.410Z", "user": 1, "content_type": 2, "object_id": "1", "object_repr": "cAdmin", "action_flag": 2, "change_message": "[]"}}, {"model": "admin.logentry", "pk": 88, "fields": {"action_time": "2017-03-17T09:03:10.787Z", "user": 2, "content_type": 14, "object_id": "7", "object_repr": "bahistory2017", "action_flag": 1, "change_message": "[{\"added\": {}}]"}}, {"model": "admin.logentry", "pk": 89, "fields": {"action_time": "2017-03-17T09:04:37.266Z", "user": 2, "content_type": 14, "object_id": "7", "object_repr": "bahistory2017", "action_flag": 2, "change_message": "[{\"changed\": {\"fields\": [\"published_date\"]}}]"}}, {"model": "admin.logentry", "pk": 90, "fields": {"action_time": "2017-03-17T09:15:33.868Z", "user": 2, "content_type": 14, "object_id": "5", "object_repr": "jee_adv2017", "action_flag": 2, "change_message": "[{\"changed\": {\"fields\": [\"title\"]}}]"}}, {"model": "admin.logentry", "pk": 91, "fields": {"action_time": "2017-03-17T09:17:08.349Z", "user": 2, "content_type": 14, "object_id": "8", "object_repr": "keam2017", "action_flag": 1, "change_message": "[{\"added\": {}}]"}}, {"model": "admin.logentry", "pk": 92, "fields": {"action_time": "2017-03-17T10:05:01.857Z", "user": 2, "content_type": 16, "object_id": "8", "object_repr": "FOUNDATION", "action_flag": 1, "change_message": "[{\"added\": {}}]"}}, {"model": "admin.logentry", "pk": 93, "fields": {"action_time": "2017-03-17T10:05:27.509Z", "user": 2, "content_type": 16, "object_id": "8", "object_repr": "FOUNDATION", "action_flag": 2, "change_message": "[]"}}, {"model": "admin.logentry", "pk": 94, "fields": {"action_time": "2017-03-17T11:18:00.734Z", "user": 2, "content_type": 12, "object_id": "1", "object_repr": "exam01", "action_flag": 2, "change_message": "[{\"changed\": {\"fields\": [\"details_text\"]}}]"}}, {"model": "admin.logentry", "pk": 95, "fields": {"action_time": "2017-03-17T11:19:18.714Z", "user": 2, "content_type": 12, "object_id": "1", "object_repr": "exam01", "action_flag": 2, "change_message": "[]"}}, {"model": "admin.logentry", "pk": 96, "fields": {"action_time": "2017-03-17T11:20:39.980Z", "user": 2, "content_type": 12, "object_id": "1", "object_repr": "exam01", "action_flag": 2, "change_message": "[{\"changed\": {\"fields\": [\"details_text\"]}}]"}}, {"model": "admin.logentry", "pk": 97, "fields": {"action_time": "2017-03-18T03:36:48.415Z", "user": 2, "content_type": 14, "object_id": "7", "object_repr": "bahistory2017", "action_flag": 2, "change_message": "[{\"changed\": {\"fields\": [\"title\"]}}]"}}, {"model": "admin.logentry", "pk": 98, "fields": {"action_time": "2017-03-18T03:45:43.812Z", "user": 2, "content_type": 14, "object_id": "9", "object_repr": "bba2017", "action_flag": 1, "change_message": "[{\"added\": {}}]"}}, {"model": "admin.logentry", "pk": 99, "fields": {"action_time": "2017-03-18T03:46:01.368Z", "user": 2, "content_type": 14, "object_id": "9", "object_repr": "bba2017", "action_flag": 2, "change_message": "[{\"changed\": {\"fields\": [\"published_date\"]}}]"}}, {"model": "admin.logentry", "pk": 100, "fields": {"action_time": "2017-03-18T03:46:32.784Z", "user": 2, "content_type": 14, "object_id": "4", "object_repr": "ba_english2017", "action_flag": 2, "change_message": "[{\"changed\": {\"fields\": [\"title\"]}}]"}}, {"model": "admin.logentry", "pk": 101, "fields": {"action_time": "2017-03-18T03:47:01.308Z", "user": 2, "content_type": 14, "object_id": "1", "object_repr": "bcom2017", "action_flag": 2, "change_message": "[{\"changed\": {\"fields\": [\"title\"]}}]"}}, {"model": "admin.logentry", "pk": 102, "fields": {"action_time": "2017-03-18T03:47:40.053Z", "user": 2, "content_type": 16, "object_id": "5", "object_repr": "Post Graduate Courses", "action_flag": 2, "change_message": "[]"}}, {"model": "admin.logentry", "pk": 103, "fields": {"action_time": "2017-03-18T03:48:47.258Z", "user": 2, "content_type": 14, "object_id": "10", "object_repr": "mcom2017", "action_flag": 1, "change_message": "[{\"added\": {}}]"}}, {"model": "admin.logentry", "pk": 104, "fields": {"action_time": "2017-03-18T04:06:55.503Z", "user": 2, "content_type": 14, "object_id": "11", "object_repr": "Foundation2017", "action_flag": 1, "change_message": "[{\"added\": {}}]"}}, {"model": "admin.logentry", "pk": 105, "fields": {"action_time": "2017-03-18T04:12:21.016Z", "user": 2, "content_type": 14, "object_id": "11", "object_repr": "Foundation2017", "action_flag": 2, "change_message": "[{\"changed\": {\"fields\": [\"details_text\"]}}]"}}, {"model": "admin.logentry", "pk": 106, "fields": {"action_time": "2017-03-18T04:16:26.169Z", "user": 2, "content_type": 14, "object_id": "11", "object_repr": "Foundation2017", "action_flag": 3, "change_message": ""}}, {"model": "admin.logentry", "pk": 107, "fields": {"action_time": "2017-03-18T04:28:47.582Z", "user": 2, "content_type": 14, "object_id": "12", "object_repr": "bcomt2017", "action_flag": 1, "change_message": "[{\"added\": {}}]"}}, {"model": "admin.logentry", "pk": 108, "fields": {"action_time": "2017-03-18T04:32:02.097Z", "user": 2, "content_type": 14, "object_id": "13", "object_repr": "mba2017", "action_flag": 1, "change_message": "[{\"added\": {}}]"}}, {"model": "admin.logentry", "pk": 109, "fields": {"action_time": "2017-03-18T04:33:29.978Z", "user": 2, "content_type": 14, "object_id": "14", "object_repr": "mbam2017", "action_flag": 1, "change_message": "[{\"added\": {}}]"}}, {"model": "admin.logentry", "pk": 110, "fields": {"action_time": "2017-03-18T04:35:07.804Z", "user": 2, "content_type": 14, "object_id": "15", "object_repr": "pgd2017", "action_flag": 1, "change_message": "[{\"added\": {}}]"}}, {"model": "admin.logentry", "pk": 111, "fields": {"action_time": "2017-03-18T04:36:06.039Z", "user": 2, "content_type": 14, "object_id": "2", "object_repr": "8910tution2017", "action_flag": 2, "change_message": "[{\"changed\": {\"fields\": [\"title\"]}}]"}}, {"model": "admin.logentry", "pk": 112, "fields": {"action_time": "2017-03-18T04:36:26.983Z", "user": 2, "content_type": 14, "object_id": "3", "object_repr": "1112tution2017", "action_flag": 2, "change_message": "[{\"changed\": {\"fields\": [\"title\"]}}]"}}, {"model": "admin.logentry", "pk": 113, "fields": {"action_time": "2017-03-18T04:37:14.640Z", "user": 2, "content_type": 14, "object_id": "16", "object_repr": "Foundation2017", "action_flag": 1, "change_message": "[{\"added\": {}}]"}}, {"model": "admin.logentry", "pk": 114, "fields": {"action_time": "2017-03-18T04:37:54.909Z", "user": 2, "content_type": 16, "object_id": "4", "object_repr": "TUITION", "action_flag": 2, "change_message": "[{\"changed\": {\"fields\": [\"title\"]}}]"}}, {"model": "admin.logentry", "pk": 115, "fields": {"action_time": "2017-03-18T04:38:46.572Z", "user": 2, "content_type": 16, "object_id": "3", "object_repr": "ENTRANCE COACHING", "action_flag": 2, "change_message": "[{\"changed\": {\"fields\": [\"title\"]}}]"}}, {"model": "admin.logentry", "pk": 116, "fields": {"action_time": "2017-03-18T04:41:23.955Z", "user": 2, "content_type": 16, "object_id": "5", "object_repr": "POST GRADUATE COURSES", "action_flag": 2, "change_message": "[{\"changed\": {\"fields\": [\"title\"]}}]"}}, {"model": "admin.logentry", "pk": 117, "fields": {"action_time": "2017-03-18T04:42:23.558Z", "user": 2, "content_type": 16, "object_id": "6", "object_repr": "UNDERGRADUATE COURSES", "action_flag": 2, "change_message": "[{\"changed\": {\"fields\": [\"title\"]}}]"}}, {"model": "admin.logentry", "pk": 118, "fields": {"action_time": "2017-03-18T04:43:36.377Z", "user": 2, "content_type": 16, "object_id": "7", "object_repr": "PLUS TWO / NIOS", "action_flag": 2, "change_message": "[{\"changed\": {\"fields\": [\"title\"]}}]"}}, {"model": "admin.logentry", "pk": 119, "fields": {"action_time": "2017-03-18T04:45:49.220Z", "user": 2, "content_type": 14, "object_id": "17", "object_repr": "plus2017", "action_flag": 1, "change_message": "[{\"added\": {}}]"}}, {"model": "admin.logentry", "pk": 120, "fields": {"action_time": "2017-03-18T04:47:51.794Z", "user": 2, "content_type": 14, "object_id": "18", "object_repr": "nios2017", "action_flag": 1, "change_message": "[{\"added\": {}}]"}}, {"model": "admin.logentry", "pk": 121, "fields": {"action_time": "2017-03-18T05:05:21.963Z", "user": 2, "content_type": 14, "object_id": "16", "object_repr": "Foundation2017", "action_flag": 2, "change_message": "[{\"changed\": {\"fields\": [\"details_text\"]}}]"}}, {"model": "admin.logentry", "pk": 122, "fields": {"action_time": "2017-03-18T05:14:10.480Z", "user": 2, "content_type": 14, "object_id": "16", "object_repr": "Foundation2017", "action_flag": 2, "change_message": "[{\"changed\": {\"fields\": [\"details_text\"]}}]"}}, {"model": "admin.logentry", "pk": 123, "fields": {"action_time": "2017-03-18T05:15:15.277Z", "user": 2, "content_type": 14, "object_id": "16", "object_repr": "Foundation2017", "action_flag": 2, "change_message": "[]"}}, {"model": "admin.logentry", "pk": 124, "fields": {"action_time": "2017-03-18T05:20:22.154Z", "user": 2, "content_type": 14, "object_id": "16", "object_repr": "Foundation2017", "action_flag": 2, "change_message": "[{\"changed\": {\"fields\": [\"details_text\"]}}]"}}, {"model": "admin.logentry", "pk": 125, "fields": {"action_time": "2017-03-18T05:34:40.595Z", "user": 2, "content_type": 14, "object_id": "16", "object_repr": "Foundation2017", "action_flag": 2, "change_message": "[{\"changed\": {\"fields\": [\"details_text\"]}}]"}}, {"model": "admin.logentry", "pk": 126, "fields": {"action_time": "2017-03-18T05:48:26.381Z", "user": 2, "content_type": 14, "object_id": "17", "object_repr": "plus2017", "action_flag": 2, "change_message": "[{\"changed\": {\"fields\": [\"details_text\"]}}]"}}, {"model": "admin.logentry", "pk": 127, "fields": {"action_time": "2017-03-18T05:52:30.264Z", "user": 2, "content_type": 14, "object_id": "17", "object_repr": "plus2017", "action_flag": 2, "change_message": "[{\"changed\": {\"fields\": [\"details_text\"]}}]"}}, {"model": "admin.logentry", "pk": 128, "fields": {"action_time": "2017-03-18T07:50:23.411Z", "user": 2, "content_type": 14, "object_id": "17", "object_repr": "plus2017", "action_flag": 3, "change_message": ""}}, {"model": "admin.logentry", "pk": 129, "fields": {"action_time": "2017-03-18T07:53:40.892Z", "user": 2, "content_type": 24, "object_id": "1", "object_repr": "SiteConfiguration object", "action_flag": 2, "change_message": "[{\"changed\": {\"fields\": [\"partner_text\"]}}]"}}, {"model": "admin.logentry", "pk": 130, "fields": {"action_time": "2017-03-18T08:01:28.681Z", "user": 2, "content_type": 24, "object_id": "1", "object_repr": "SiteConfiguration object", "action_flag": 2, "change_message": "[{\"changed\": {\"fields\": [\"partner_text\"]}}]"}}, {"model": "admin.logentry", "pk": 131, "fields": {"action_time": "2017-03-18T08:08:19.441Z", "user": 2, "content_type": 24, "object_id": "1", "object_repr": "SiteConfiguration object", "action_flag": 2, "change_message": "[{\"changed\": {\"fields\": [\"aboutus_text\"]}}]"}}, {"model": "admin.logentry", "pk": 132, "fields": {"action_time": "2017-03-18T08:11:08.247Z", "user": 2, "content_type": 24, "object_id": "1", "object_repr": "SiteConfiguration object", "action_flag": 2, "change_message": "[{\"changed\": {\"fields\": [\"aboutus_text\"]}}]"}}, {"model": "admin.logentry", "pk": 133, "fields": {"action_time": "2017-03-18T08:44:32.442Z", "user": 2, "content_type": 14, "object_id": "16", "object_repr": "Foundation2017", "action_flag": 2, "change_message": "[{\"changed\": {\"fields\": [\"details_text\"]}}]"}}, {"model": "admin.logentry", "pk": 134, "fields": {"action_time": "2017-03-18T08:49:53.695Z", "user": 2, "content_type": 14, "object_id": "16", "object_repr": "Foundation2017", "action_flag": 2, "change_message": "[]"}}, {"model": "admin.logentry", "pk": 135, "fields": {"action_time": "2017-03-18T08:59:12.416Z", "user": 2, "content_type": 14, "object_id": "16", "object_repr": "Foundation2017", "action_flag": 2, "change_message": "[{\"changed\": {\"fields\": [\"details_text\"]}}]"}}, {"model": "admin.logentry", "pk": 136, "fields": {"action_time": "2017-03-18T08:59:59.191Z", "user": 2, "content_type": 14, "object_id": "16", "object_repr": "Foundation2017", "action_flag": 2, "change_message": "[{\"changed\": {\"fields\": [\"details_text\"]}}]"}}, {"model": "admin.logentry", "pk": 137, "fields": {"action_time": "2017-03-18T09:04:54.028Z", "user": 2, "content_type": 14, "object_id": "16", "object_repr": "Foundation2017", "action_flag": 2, "change_message": "[{\"changed\": {\"fields\": [\"details_text\"]}}]"}}, {"model": "admin.logentry", "pk": 138, "fields": {"action_time": "2017-03-18T09:06:23.690Z", "user": 2, "content_type": 14, "object_id": "16", "object_repr": "Foundation2017", "action_flag": 2, "change_message": "[{\"changed\": {\"fields\": [\"details_text\"]}}]"}}, {"model": "admin.logentry", "pk": 139, "fields": {"action_time": "2017-03-18T09:08:14.133Z", "user": 2, "content_type": 14, "object_id": "19", "object_repr": "plus2017", "action_flag": 1, "change_message": "[{\"added\": {}}]"}}, {"model": "admin.logentry", "pk": 140, "fields": {"action_time": "2017-03-18T09:29:26.876Z", "user": 2, "content_type": 14, "object_id": "19", "object_repr": "plus2017", "action_flag": 2, "change_message": "[{\"changed\": {\"fields\": [\"featured_course\", \"details_text\"]}}]"}}, {"model": "admin.logentry", "pk": 141, "fields": {"action_time": "2017-03-18T09:35:39.673Z", "user": 2, "content_type": 14, "object_id": "19", "object_repr": "plus2017", "action_flag": 2, "change_message": "[{\"changed\": {\"fields\": [\"details_text\"]}}]"}}, {"model": "admin.logentry", "pk": 142, "fields": {"action_time": "2017-03-18T09:39:29.484Z", "user": 2, "content_type": 14, "object_id": "19", "object_repr": "plus2017", "action_flag": 2, "change_message": "[{\"changed\": {\"fields\": [\"details_text\"]}}]"}}, {"model": "admin.logentry", "pk": 143, "fields": {"action_time": "2017-03-18T09:41:56.657Z", "user": 2, "content_type": 14, "object_id": "19", "object_repr": "plus2017", "action_flag": 2, "change_message": "[{\"changed\": {\"fields\": [\"details_text\"]}}]"}}, {"model": "admin.logentry", "pk": 144, "fields": {"action_time": "2017-03-18T09:42:29.657Z", "user": 2, "content_type": 14, "object_id": "19", "object_repr": "plus2017", "action_flag": 2, "change_message": "[{\"changed\": {\"fields\": [\"details_text\"]}}]"}}, {"model": "admin.logentry", "pk": 145, "fields": {"action_time": "2017-03-18T09:44:38.623Z", "user": 2, "content_type": 14, "object_id": "2", "object_repr": "8910tution2017", "action_flag": 2, "change_message": "[{\"changed\": {\"fields\": [\"details_text\"]}}]"}}, {"model": "admin.logentry", "pk": 146, "fields": {"action_time": "2017-03-18T09:45:48.237Z", "user": 2, "content_type": 14, "object_id": "2", "object_repr": "8910tution2017", "action_flag": 2, "change_message": "[{\"changed\": {\"fields\": [\"details_text\"]}}]"}}, {"model": "admin.logentry", "pk": 147, "fields": {"action_time": "2017-03-18T09:52:19.618Z", "user": 2, "content_type": 14, "object_id": "14", "object_repr": "mbam2017", "action_flag": 2, "change_message": "[{\"changed\": {\"fields\": [\"details_text\"]}}]"}}, {"model": "admin.logentry", "pk": 148, "fields": {"action_time": "2017-03-18T09:52:37.222Z", "user": 2, "content_type": 14, "object_id": "14", "object_repr": "mbam2017", "action_flag": 2, "change_message": "[{\"changed\": {\"fields\": [\"details_text\"]}}]"}}, {"model": "admin.logentry", "pk": 149, "fields": {"action_time": "2017-03-18T10:01:29.972Z", "user": 2, "content_type": 14, "object_id": "16", "object_repr": "Foundation2017", "action_flag": 2, "change_message": "[{\"changed\": {\"fields\": [\"details_text\"]}}]"}}, {"model": "admin.logentry", "pk": 150, "fields": {"action_time": "2017-03-18T10:03:26.399Z", "user": 2, "content_type": 14, "object_id": "19", "object_repr": "plus2017", "action_flag": 2, "change_message": "[{\"changed\": {\"fields\": [\"details_text\"]}}]"}}, {"model": "admin.logentry", "pk": 151, "fields": {"action_time": "2017-03-18T10:05:04.987Z", "user": 2, "content_type": 14, "object_id": "19", "object_repr": "plus2017", "action_flag": 2, "change_message": "[{\"changed\": {\"fields\": [\"details_text\"]}}]"}}, {"model": "admin.logentry", "pk": 152, "fields": {"action_time": "2017-03-18T10:06:04.269Z", "user": 2, "content_type": 14, "object_id": "19", "object_repr": "plus2017", "action_flag": 2, "change_message": "[{\"changed\": {\"fields\": [\"details_text\"]}}]"}}, {"model": "admin.logentry", "pk": 153, "fields": {"action_time": "2017-03-18T10:06:40.187Z", "user": 2, "content_type": 14, "object_id": "19", "object_repr": "plus2017", "action_flag": 2, "change_message": "[{\"changed\": {\"fields\": [\"details_text\"]}}]"}}, {"model": "admin.logentry", "pk": 154, "fields": {"action_time": "2017-03-18T10:07:04.341Z", "user": 2, "content_type": 14, "object_id": "19", "object_repr": "plus2017", "action_flag": 2, "change_message": "[{\"changed\": {\"fields\": [\"details_text\"]}}]"}}, {"model": "admin.logentry", "pk": 155, "fields": {"action_time": "2017-03-18T10:08:08.764Z", "user": 2, "content_type": 14, "object_id": "19", "object_repr": "plus2017", "action_flag": 2, "change_message": "[]"}}, {"model": "admin.logentry", "pk": 156, "fields": {"action_time": "2017-03-18T10:08:21.263Z", "user": 2, "content_type": 14, "object_id": "16", "object_repr": "Foundation2017", "action_flag": 2, "change_message": "[{\"changed\": {\"fields\": [\"details_text\"]}}]"}}, {"model": "admin.logentry", "pk": 157, "fields": {"action_time": "2017-03-18T10:10:04.454Z", "user": 2, "content_type": 14, "object_id": "19", "object_repr": "plus2017", "action_flag": 2, "change_message": "[{\"changed\": {\"fields\": [\"details_text\"]}}]"}}, {"model": "admin.logentry", "pk": 158, "fields": {"action_time": "2017-03-18T10:10:59.392Z", "user": 2, "content_type": 14, "object_id": "19", "object_repr": "plus2017", "action_flag": 2, "change_message": "[{\"changed\": {\"fields\": [\"details_text\"]}}]"}}, {"model": "admin.logentry", "pk": 159, "fields": {"action_time": "2017-03-18T10:15:43.402Z", "user": 2, "content_type": 14, "object_id": "19", "object_repr": "plus2017", "action_flag": 2, "change_message": "[{\"changed\": {\"fields\": [\"details_text\"]}}]"}}, {"model": "admin.logentry", "pk": 160, "fields": {"action_time": "2017-03-18T10:30:11.617Z", "user": 2, "content_type": 14, "object_id": "19", "object_repr": "plus2017", "action_flag": 2, "change_message": "[{\"changed\": {\"fields\": [\"details_text\"]}}]"}}, {"model": "admin.logentry", "pk": 161, "fields": {"action_time": "2017-03-18T10:34:36.017Z", "user": 2, "content_type": 14, "object_id": "19", "object_repr": "plus2017", "action_flag": 2, "change_message": "[{\"changed\": {\"fields\": [\"details_text\"]}}]"}}, {"model": "admin.logentry", "pk": 162, "fields": {"action_time": "2017-03-18T10:39:36.860Z", "user": 2, "content_type": 14, "object_id": "19", "object_repr": "plus2017", "action_flag": 2, "change_message": "[{\"changed\": {\"fields\": [\"details_text\"]}}]"}}, {"model": "admin.logentry", "pk": 163, "fields": {"action_time": "2017-03-18T10:42:25.806Z", "user": 2, "content_type": 14, "object_id": "19", "object_repr": "plus2017", "action_flag": 2, "change_message": "[{\"changed\": {\"fields\": [\"details_text\"]}}]"}}, {"model": "admin.logentry", "pk": 164, "fields": {"action_time": "2017-03-18T11:03:31.190Z", "user": 2, "content_type": 14, "object_id": "14", "object_repr": "mbam2017", "action_flag": 2, "change_message": "[{\"changed\": {\"fields\": [\"details_text\"]}}]"}}, {"model": "admin.logentry", "pk": 165, "fields": {"action_time": "2017-03-18T11:09:30.639Z", "user": 2, "content_type": 14, "object_id": "14", "object_repr": "mbam2017", "action_flag": 2, "change_message": "[{\"changed\": {\"fields\": [\"details_text\"]}}]"}}, {"model": "admin.logentry", "pk": 166, "fields": {"action_time": "2017-03-18T11:15:24.352Z", "user": 2, "content_type": 14, "object_id": "14", "object_repr": "mbam2017", "action_flag": 2, "change_message": "[{\"changed\": {\"fields\": [\"details_text\"]}}]"}}, {"model": "admin.logentry", "pk": 167, "fields": {"action_time": "2017-03-18T11:15:56.507Z", "user": 2, "content_type": 14, "object_id": "14", "object_repr": "mbam2017", "action_flag": 2, "change_message": "[{\"changed\": {\"fields\": [\"details_text\"]}}]"}}, {"model": "admin.logentry", "pk": 168, "fields": {"action_time": "2017-03-18T11:18:06.408Z", "user": 2, "content_type": 14, "object_id": "14", "object_repr": "mbam2017", "action_flag": 2, "change_message": "[{\"changed\": {\"fields\": [\"details_text\"]}}]"}}, {"model": "admin.logentry", "pk": 169, "fields": {"action_time": "2017-03-18T11:26:47.267Z", "user": 2, "content_type": 14, "object_id": "14", "object_repr": "mbam2017", "action_flag": 2, "change_message": "[{\"changed\": {\"fields\": [\"details_text\"]}}]"}}, {"model": "admin.logentry", "pk": 170, "fields": {"action_time": "2017-03-20T03:31:37.541Z", "user": 2, "content_type": 24, "object_id": "1", "object_repr": "SiteConfiguration object", "action_flag": 2, "change_message": "[{\"changed\": {\"fields\": [\"aboutus_text\"]}}]"}}, {"model": "admin.logentry", "pk": 171, "fields": {"action_time": "2017-03-20T03:36:05.159Z", "user": 2, "content_type": 24, "object_id": "1", "object_repr": "SiteConfiguration object", "action_flag": 2, "change_message": "[{\"changed\": {\"fields\": [\"aboutus_text\"]}}]"}}, {"model": "admin.logentry", "pk": 172, "fields": {"action_time": "2017-03-20T03:38:25.938Z", "user": 2, "content_type": 24, "object_id": "1", "object_repr": "SiteConfiguration object", "action_flag": 2, "change_message": "[{\"changed\": {\"fields\": [\"aboutus_text\"]}}]"}}, {"model": "admin.logentry", "pk": 173, "fields": {"action_time": "2017-03-20T03:38:57.113Z", "user": 2, "content_type": 24, "object_id": "1", "object_repr": "SiteConfiguration object", "action_flag": 2, "change_message": "[{\"changed\": {\"fields\": [\"aboutus_text\"]}}]"}}, {"model": "admin.logentry", "pk": 174, "fields": {"action_time": "2017-03-20T03:39:30.605Z", "user": 2, "content_type": 24, "object_id": "1", "object_repr": "SiteConfiguration object", "action_flag": 2, "change_message": "[{\"changed\": {\"fields\": [\"aboutus_text\"]}}]"}}, {"model": "admin.logentry", "pk": 175, "fields": {"action_time": "2017-03-20T03:52:07.332Z", "user": 2, "content_type": 14, "object_id": "16", "object_repr": "Foundation2017", "action_flag": 2, "change_message": "[{\"changed\": {\"fields\": [\"details_text\"]}}]"}}, {"model": "admin.logentry", "pk": 176, "fields": {"action_time": "2017-03-20T03:54:00.290Z", "user": 2, "content_type": 14, "object_id": "16", "object_repr": "Foundation2017", "action_flag": 2, "change_message": "[{\"changed\": {\"fields\": [\"details_text\"]}}]"}}, {"model": "admin.logentry", "pk": 177, "fields": {"action_time": "2017-03-20T03:54:48.995Z", "user": 2, "content_type": 14, "object_id": "16", "object_repr": "Foundation2017", "action_flag": 2, "change_message": "[{\"changed\": {\"fields\": [\"details_text\"]}}]"}}, {"model": "admin.logentry", "pk": 178, "fields": {"action_time": "2017-03-20T03:55:34.744Z", "user": 2, "content_type": 14, "object_id": "16", "object_repr": "Foundation2017", "action_flag": 2, "change_message": "[{\"changed\": {\"fields\": [\"details_text\"]}}]"}}, {"model": "admin.logentry", "pk": 179, "fields": {"action_time": "2017-03-20T03:58:25.111Z", "user": 2, "content_type": 14, "object_id": "16", "object_repr": "Foundation2017", "action_flag": 2, "change_message": "[{\"changed\": {\"fields\": [\"details_text\"]}}]"}}, {"model": "admin.logentry", "pk": 180, "fields": {"action_time": "2017-03-20T04:04:24.171Z", "user": 2, "content_type": 14, "object_id": "2", "object_repr": "8910tution2017", "action_flag": 2, "change_message": "[{\"changed\": {\"fields\": [\"details_text\"]}}]"}}, {"model": "admin.logentry", "pk": 181, "fields": {"action_time": "2017-03-20T04:31:01.284Z", "user": 2, "content_type": 14, "object_id": "15", "object_repr": "pgd2017", "action_flag": 2, "change_message": "[{\"changed\": {\"fields\": [\"details_text\"]}}]"}}, {"model": "admin.logentry", "pk": 182, "fields": {"action_time": "2017-03-20T04:35:57.730Z", "user": 2, "content_type": 14, "object_id": "15", "object_repr": "pgd2017", "action_flag": 2, "change_message": "[{\"changed\": {\"fields\": [\"details_text\"]}}]"}}, {"model": "admin.logentry", "pk": 183, "fields": {"action_time": "2017-03-20T04:37:52.478Z", "user": 2, "content_type": 14, "object_id": "15", "object_repr": "pgd2017", "action_flag": 2, "change_message": "[{\"changed\": {\"fields\": [\"details_text\"]}}]"}}, {"model": "admin.logentry", "pk": 184, "fields": {"action_time": "2017-03-20T04:39:42.908Z", "user": 2, "content_type": 14, "object_id": "14", "object_repr": "mbam2017", "action_flag": 2, "change_message": "[{\"changed\": {\"fields\": [\"details_text\"]}}]"}}, {"model": "admin.logentry", "pk": 185, "fields": {"action_time": "2017-03-20T04:41:23.429Z", "user": 2, "content_type": 14, "object_id": "14", "object_repr": "mbam2017", "action_flag": 2, "change_message": "[{\"changed\": {\"fields\": [\"details_text\"]}}]"}}, {"model": "admin.logentry", "pk": 186, "fields": {"action_time": "2017-03-20T04:42:31.388Z", "user": 2, "content_type": 14, "object_id": "14", "object_repr": "mbam2017", "action_flag": 2, "change_message": "[{\"changed\": {\"fields\": [\"details_text\"]}}]"}}, {"model": "admin.logentry", "pk": 187, "fields": {"action_time": "2017-03-20T04:43:50.666Z", "user": 2, "content_type": 14, "object_id": "14", "object_repr": "mbam2017", "action_flag": 2, "change_message": "[{\"changed\": {\"fields\": [\"details_text\"]}}]"}}, {"model": "admin.logentry", "pk": 188, "fields": {"action_time": "2017-03-20T04:45:26.270Z", "user": 2, "content_type": 14, "object_id": "14", "object_repr": "mbam2017", "action_flag": 2, "change_message": "[{\"changed\": {\"fields\": [\"details_text\"]}}]"}}, {"model": "admin.logentry", "pk": 189, "fields": {"action_time": "2017-03-20T04:47:38.525Z", "user": 2, "content_type": 14, "object_id": "13", "object_repr": "mba2017", "action_flag": 2, "change_message": "[{\"changed\": {\"fields\": [\"details_text\"]}}]"}}, {"model": "admin.logentry", "pk": 190, "fields": {"action_time": "2017-03-20T04:49:53.746Z", "user": 2, "content_type": 14, "object_id": "13", "object_repr": "mba2017", "action_flag": 2, "change_message": "[{\"changed\": {\"fields\": [\"details_text\"]}}]"}}, {"model": "admin.logentry", "pk": 191, "fields": {"action_time": "2017-03-20T04:50:46.977Z", "user": 2, "content_type": 14, "object_id": "13", "object_repr": "mba2017", "action_flag": 2, "change_message": "[{\"changed\": {\"fields\": [\"details_text\"]}}]"}}, {"model": "admin.logentry", "pk": 192, "fields": {"action_time": "2017-03-20T04:51:51.782Z", "user": 2, "content_type": 14, "object_id": "13", "object_repr": "mba2017", "action_flag": 2, "change_message": "[{\"changed\": {\"fields\": [\"details_text\"]}}]"}}, {"model": "admin.logentry", "pk": 193, "fields": {"action_time": "2017-03-20T04:55:12.448Z", "user": 2, "content_type": 14, "object_id": "10", "object_repr": "mcom2017", "action_flag": 2, "change_message": "[{\"changed\": {\"fields\": [\"details_text\"]}}]"}}, {"model": "admin.logentry", "pk": 194, "fields": {"action_time": "2017-03-20T04:57:00.320Z", "user": 1, "content_type": 14, "object_id": "2", "object_repr": "8910tution2017", "action_flag": 2, "change_message": "[{\"changed\": {\"fields\": [\"details_text\"]}}]"}}, {"model": "admin.logentry", "pk": 195, "fields": {"action_time": "2017-03-20T04:57:03.309Z", "user": 2, "content_type": 14, "object_id": "10", "object_repr": "mcom2017", "action_flag": 2, "change_message": "[{\"changed\": {\"fields\": [\"details_text\"]}}]"}}, {"model": "admin.logentry", "pk": 196, "fields": {"action_time": "2017-03-20T04:57:53.842Z", "user": 1, "content_type": 14, "object_id": "2", "object_repr": "8910tution2017", "action_flag": 2, "change_message": "[{\"changed\": {\"fields\": [\"details_text\"]}}]"}}, {"model": "admin.logentry", "pk": 197, "fields": {"action_time": "2017-03-20T04:58:33.952Z", "user": 1, "content_type": 14, "object_id": "2", "object_repr": "8910tution2017", "action_flag": 2, "change_message": "[{\"changed\": {\"fields\": [\"details_text\"]}}]"}}, {"model": "admin.logentry", "pk": 198, "fields": {"action_time": "2017-03-20T04:59:00.648Z", "user": 1, "content_type": 14, "object_id": "2", "object_repr": "8910tution2017", "action_flag": 2, "change_message": "[{\"changed\": {\"fields\": [\"details_text\"]}}]"}}, {"model": "admin.logentry", "pk": 199, "fields": {"action_time": "2017-03-20T04:59:38.927Z", "user": 1, "content_type": 14, "object_id": "2", "object_repr": "8910tution2017", "action_flag": 2, "change_message": "[{\"changed\": {\"fields\": [\"details_text\"]}}]"}}, {"model": "admin.logentry", "pk": 200, "fields": {"action_time": "2017-03-20T05:00:24.288Z", "user": 2, "content_type": 14, "object_id": "10", "object_repr": "mcom2017", "action_flag": 2, "change_message": "[{\"changed\": {\"fields\": [\"details_text\"]}}]"}}, {"model": "admin.logentry", "pk": 201, "fields": {"action_time": "2017-03-20T05:00:59.212Z", "user": 1, "content_type": 14, "object_id": "2", "object_repr": "8910tution2017", "action_flag": 2, "change_message": "[{\"changed\": {\"fields\": [\"details_text\"]}}]"}}, {"model": "admin.logentry", "pk": 202, "fields": {"action_time": "2017-03-20T05:03:01.942Z", "user": 1, "content_type": 24, "object_id": "1", "object_repr": "SiteConfiguration object", "action_flag": 2, "change_message": "[{\"changed\": {\"fields\": [\"aboutus_text\"]}}]"}}, {"model": "admin.logentry", "pk": 203, "fields": {"action_time": "2017-03-20T05:04:39.221Z", "user": 1, "content_type": 24, "object_id": "1", "object_repr": "SiteConfiguration object", "action_flag": 2, "change_message": "[{\"changed\": {\"fields\": [\"aboutus_text\"]}}]"}}, {"model": "admin.logentry", "pk": 204, "fields": {"action_time": "2017-03-20T05:05:14.410Z", "user": 2, "content_type": 14, "object_id": "7", "object_repr": "bahistory2017", "action_flag": 2, "change_message": "[{\"changed\": {\"fields\": [\"details_text\"]}}]"}}, {"model": "admin.logentry", "pk": 205, "fields": {"action_time": "2017-03-20T05:09:30.359Z", "user": 1, "content_type": 14, "object_id": "2", "object_repr": "8910tution2017", "action_flag": 2, "change_message": "[{\"changed\": {\"fields\": [\"details_text\"]}}]"}}, {"model": "admin.logentry", "pk": 206, "fields": {"action_time": "2017-03-20T05:10:41.018Z", "user": 1, "content_type": 14, "object_id": "2", "object_repr": "8910tution2017", "action_flag": 2, "change_message": "[{\"changed\": {\"fields\": [\"details_text\"]}}]"}}, {"model": "admin.logentry", "pk": 207, "fields": {"action_time": "2017-03-20T05:11:20.500Z", "user": 1, "content_type": 14, "object_id": "2", "object_repr": "8910tution2017", "action_flag": 2, "change_message": "[{\"changed\": {\"fields\": [\"details_text\"]}}]"}}, {"model": "admin.logentry", "pk": 208, "fields": {"action_time": "2017-03-20T05:11:49.557Z", "user": 1, "content_type": 14, "object_id": "2", "object_repr": "8910tution2017", "action_flag": 2, "change_message": "[{\"changed\": {\"fields\": [\"details_text\"]}}]"}}, {"model": "admin.logentry", "pk": 209, "fields": {"action_time": "2017-03-20T05:24:16.843Z", "user": 1, "content_type": 14, "object_id": "2", "object_repr": "8910tution2017", "action_flag": 2, "change_message": "[{\"changed\": {\"fields\": [\"details_text\"]}}]"}}, {"model": "admin.logentry", "pk": 210, "fields": {"action_time": "2017-03-20T06:04:18.618Z", "user": 1, "content_type": 14, "object_id": "2", "object_repr": "8910tution2017", "action_flag": 2, "change_message": "[{\"changed\": {\"fields\": [\"details_text\"]}}]"}}, {"model": "admin.logentry", "pk": 211, "fields": {"action_time": "2017-03-20T06:04:58.036Z", "user": 1, "content_type": 14, "object_id": "2", "object_repr": "8910tution2017", "action_flag": 2, "change_message": "[{\"changed\": {\"fields\": [\"details_text\"]}}]"}}, {"model": "admin.logentry", "pk": 212, "fields": {"action_time": "2017-03-20T08:41:17.621Z", "user": 2, "content_type": 14, "object_id": "16", "object_repr": "Foundation2017", "action_flag": 2, "change_message": "[]"}}, {"model": "admin.logentry", "pk": 213, "fields": {"action_time": "2017-03-21T03:37:50.085Z", "user": 2, "content_type": 14, "object_id": "16", "object_repr": "Foundation2017", "action_flag": 2, "change_message": "[]"}}, {"model": "admin.logentry", "pk": 214, "fields": {"action_time": "2017-03-21T10:50:58.331Z", "user": 2, "content_type": 22, "object_id": "3", "object_repr": "tripunithura", "action_flag": 2, "change_message": "[{\"changed\": {\"fields\": [\"latitude\", \"longitude\"]}}]"}}, {"model": "admin.logentry", "pk": 215, "fields": {"action_time": "2017-03-21T10:54:37.588Z", "user": 2, "content_type": 14, "object_id": "14", "object_repr": "mbam2017", "action_flag": 3, "change_message": ""}}, {"model": "admin.logentry", "pk": 216, "fields": {"action_time": "2017-03-21T10:54:37.623Z", "user": 2, "content_type": 14, "object_id": "12", "object_repr": "bcomt2017", "action_flag": 3, "change_message": ""}}, {"model": "admin.logentry", "pk": 217, "fields": {"action_time": "2017-03-21T10:54:37.645Z", "user": 2, "content_type": 14, "object_id": "4", "object_repr": "ba_english2017", "action_flag": 3, "change_message": ""}}, {"model": "admin.logentry", "pk": 218, "fields": {"action_time": "2017-03-21T10:56:15.368Z", "user": 2, "content_type": 14, "object_id": "13", "object_repr": "mba2017", "action_flag": 2, "change_message": "[{\"changed\": {\"fields\": [\"title\", \"details_text\"]}}]"}}, {"model": "admin.logentry", "pk": 219, "fields": {"action_time": "2017-03-21T10:56:44.493Z", "user": 2, "content_type": 14, "object_id": "13", "object_repr": "mba2017", "action_flag": 2, "change_message": "[]"}}, {"model": "admin.logentry", "pk": 220, "fields": {"action_time": "2017-03-21T10:56:45.175Z", "user": 2, "content_type": 14, "object_id": "13", "object_repr": "mba2017", "action_flag": 2, "change_message": "[]"}}, {"model": "admin.logentry", "pk": 221, "fields": {"action_time": "2017-03-21T10:56:46.778Z", "user": 2, "content_type": 14, "object_id": "13", "object_repr": "mba2017", "action_flag": 2, "change_message": "[]"}}, {"model": "admin.logentry", "pk": 222, "fields": {"action_time": "2017-03-21T10:58:04.668Z", "user": 2, "content_type": 14, "object_id": "1", "object_repr": "bcom2017", "action_flag": 2, "change_message": "[{\"changed\": {\"fields\": [\"title\"]}}]"}}, {"model": "admin.logentry", "pk": 223, "fields": {"action_time": "2017-03-21T10:59:45.433Z", "user": 2, "content_type": 14, "object_id": "1", "object_repr": "bcom2017", "action_flag": 2, "change_message": "[]"}}, {"model": "admin.logentry", "pk": 224, "fields": {"action_time": "2017-03-21T11:00:21.618Z", "user": 2, "content_type": 14, "object_id": "10", "object_repr": "mcom2017", "action_flag": 2, "change_message": "[{\"changed\": {\"fields\": [\"title\"]}}]"}}, {"model": "admin.logentry", "pk": 225, "fields": {"action_time": "2017-03-21T11:01:44.746Z", "user": 2, "content_type": 14, "object_id": "5", "object_repr": "jee_adv2017", "action_flag": 2, "change_message": "[{\"changed\": {\"fields\": [\"title\"]}}]"}}, {"model": "admin.logentry", "pk": 226, "fields": {"action_time": "2017-03-21T11:02:47.478Z", "user": 2, "content_type": 14, "object_id": "5", "object_repr": "jee_adv2017", "action_flag": 2, "change_message": "[]"}}, {"model": "admin.logentry", "pk": 227, "fields": {"action_time": "2017-03-22T08:49:13.661Z", "user": 2, "content_type": 7, "object_id": "2", "object_repr": "notice02", "action_flag": 2, "change_message": "[{\"changed\": {\"fields\": [\"title\"]}}]"}}, {"model": "admin.logentry", "pk": 228, "fields": {"action_time": "2017-03-22T09:44:51.811Z", "user": 2, "content_type": 14, "object_id": "2", "object_repr": "8910tution2017", "action_flag": 2, "change_message": "[{\"changed\": {\"fields\": [\"details_text\"]}}]"}}, {"model": "admin.logentry", "pk": 229, "fields": {"action_time": "2017-03-22T09:46:01.407Z", "user": 2, "content_type": 14, "object_id": "2", "object_repr": "8910tution2017", "action_flag": 2, "change_message": "[{\"changed\": {\"fields\": [\"details_text\"]}}]"}}, {"model": "admin.logentry", "pk": 230, "fields": {"action_time": "2017-03-22T09:47:16.229Z", "user": 2, "content_type": 14, "object_id": "2", "object_repr": "8910tution2017", "action_flag": 2, "change_message": "[{\"changed\": {\"fields\": [\"details_text\"]}}]"}}, {"model": "admin.logentry", "pk": 231, "fields": {"action_time": "2017-03-22T09:50:46.462Z", "user": 2, "content_type": 14, "object_id": "2", "object_repr": "8910tution2017", "action_flag": 2, "change_message": "[{\"changed\": {\"fields\": [\"details_text\"]}}]"}}, {"model": "admin.logentry", "pk": 232, "fields": {"action_time": "2017-03-22T09:53:09.369Z", "user": 2, "content_type": 14, "object_id": "1", "object_repr": "bcom2017", "action_flag": 2, "change_message": "[{\"changed\": {\"fields\": [\"details_text\"]}}]"}}, {"model": "admin.logentry", "pk": 233, "fields": {"action_time": "2017-03-22T09:53:54.733Z", "user": 2, "content_type": 14, "object_id": "1", "object_repr": "bcom2017", "action_flag": 2, "change_message": "[]"}}, {"model": "admin.logentry", "pk": 234, "fields": {"action_time": "2017-03-22T10:20:29.964Z", "user": 2, "content_type": 14, "object_id": "13", "object_repr": "mba2017", "action_flag": 2, "change_message": "[{\"changed\": {\"fields\": [\"title\"]}}]"}}, {"model": "admin.logentry", "pk": 235, "fields": {"action_time": "2017-03-22T10:20:53.452Z", "user": 2, "content_type": 14, "object_id": "15", "object_repr": "pgd2017", "action_flag": 2, "change_message": "[{\"changed\": {\"fields\": [\"title\"]}}]"}}, {"model": "admin.logentry", "pk": 236, "fields": {"action_time": "2017-03-22T10:47:13.984Z", "user": 2, "content_type": 24, "object_id": "1", "object_repr": "SiteConfiguration object", "action_flag": 2, "change_message": "[{\"changed\": {\"fields\": [\"company_info\"]}}]"}}, {"model": "admin.logentry", "pk": 237, "fields": {"action_time": "2017-03-22T10:52:15.894Z", "user": 2, "content_type": 24, "object_id": "1", "object_repr": "SiteConfiguration object", "action_flag": 2, "change_message": "[{\"changed\": {\"fields\": [\"aboutus_text\"]}}]"}}, {"model": "admin.logentry", "pk": 238, "fields": {"action_time": "2017-03-22T10:54:42.059Z", "user": 2, "content_type": 22, "object_id": "2", "object_repr": "tvm", "action_flag": 2, "change_message": "[{\"changed\": {\"fields\": [\"address_line1\", \"address_line2\", \"address_line3\"]}}]"}}, {"model": "admin.logentry", "pk": 239, "fields": {"action_time": "2017-03-22T11:00:40.189Z", "user": 2, "content_type": 24, "object_id": "1", "object_repr": "SiteConfiguration object", "action_flag": 2, "change_message": "[{\"changed\": {\"fields\": [\"aboutus_text\"]}}]"}}, {"model": "admin.logentry", "pk": 240, "fields": {"action_time": "2017-03-22T11:02:36.868Z", "user": 2, "content_type": 24, "object_id": "1", "object_repr": "SiteConfiguration object", "action_flag": 2, "change_message": "[{\"changed\": {\"fields\": [\"aboutus_text\"]}}]"}}, {"model": "admin.logentry", "pk": 241, "fields": {"action_time": "2017-03-22T11:04:43.768Z", "user": 2, "content_type": 24, "object_id": "1", "object_repr": "SiteConfiguration object", "action_flag": 2, "change_message": "[{\"changed\": {\"fields\": [\"company_info\"]}}]"}}, {"model": "admin.logentry", "pk": 242, "fields": {"action_time": "2017-03-23T03:39:54.147Z", "user": 2, "content_type": 24, "object_id": "1", "object_repr": "SiteConfiguration object", "action_flag": 2, "change_message": "[{\"changed\": {\"fields\": [\"phone\"]}}]"}}, {"model": "admin.logentry", "pk": 243, "fields": {"action_time": "2017-03-23T06:08:18.455Z", "user": 2, "content_type": 14, "object_id": "1", "object_repr": "bcom2017", "action_flag": 2, "change_message": "[]"}}, {"model": "admin.logentry", "pk": 244, "fields": {"action_time": "2017-03-23T08:03:43.617Z", "user": 1, "content_type": 25, "object_id": "1", "object_repr": "tutition_overview", "action_flag": 1, "change_message": "[{\"added\": {}}]"}}, {"model": "admin.logentry", "pk": 245, "fields": {"action_time": "2017-03-23T08:16:05.059Z", "user": 1, "content_type": 25, "object_id": "1", "object_repr": "tutition_overview", "action_flag": 2, "change_message": "[{\"changed\": {\"fields\": [\"details_text\"]}}]"}}, {"model": "admin.logentry", "pk": 246, "fields": {"action_time": "2017-03-23T08:19:27.173Z", "user": 1, "content_type": 25, "object_id": "2", "object_repr": "tutition_need", "action_flag": 1, "change_message": "[{\"added\": {}}]"}}, {"model": "admin.logentry", "pk": 247, "fields": {"action_time": "2017-03-23T08:20:53.738Z", "user": 1, "content_type": 25, "object_id": "2", "object_repr": "tutition_need", "action_flag": 2, "change_message": "[{\"changed\": {\"fields\": [\"details_text\"]}}]"}}, {"model": "admin.logentry", "pk": 248, "fields": {"action_time": "2017-03-23T08:21:37.286Z", "user": 1, "content_type": 25, "object_id": "2", "object_repr": "tutition_need", "action_flag": 2, "change_message": "[{\"changed\": {\"fields\": [\"details_text\"]}}]"}}, {"model": "admin.logentry", "pk": 249, "fields": {"action_time": "2017-03-23T10:05:59.495Z", "user": 1, "content_type": 25, "object_id": "2", "object_repr": "tutition_need", "action_flag": 2, "change_message": "[{\"changed\": {\"fields\": [\"order\"]}}]"}}, {"model": "admin.logentry", "pk": 250, "fields": {"action_time": "2017-03-23T10:34:34.077Z", "user": 2, "content_type": 24, "object_id": "1", "object_repr": "SiteConfiguration object", "action_flag": 2, "change_message": "[{\"changed\": {\"fields\": [\"company_info_footer\"]}}]"}}, {"model": "admin.logentry", "pk": 251, "fields": {"action_time": "2017-03-23T10:36:27.742Z", "user": 2, "content_type": 24, "object_id": "1", "object_repr": "SiteConfiguration object", "action_flag": 2, "change_message": "[{\"changed\": {\"fields\": [\"company_info_footer\"]}}]"}}, {"model": "admin.logentry", "pk": 252, "fields": {"action_time": "2017-03-23T10:37:37.551Z", "user": 2, "content_type": 24, "object_id": "1", "object_repr": "SiteConfiguration object", "action_flag": 2, "change_message": "[{\"changed\": {\"fields\": [\"company_info_footer\"]}}]"}}, {"model": "admin.logentry", "pk": 253, "fields": {"action_time": "2017-03-23T10:50:53.790Z", "user": 1, "content_type": 2, "object_id": "1", "object_repr": "cAdmin", "action_flag": 2, "change_message": "[]"}}, {"model": "admin.logentry", "pk": 254, "fields": {"action_time": "2017-03-23T10:55:24.715Z", "user": 2, "content_type": 25, "object_id": "3", "object_repr": "tuition_about", "action_flag": 1, "change_message": "[{\"added\": {}}]"}}, {"model": "admin.logentry", "pk": 255, "fields": {"action_time": "2017-03-23T10:57:16.577Z", "user": 2, "content_type": 25, "object_id": "3", "object_repr": "tuition_about", "action_flag": 2, "change_message": "[{\"changed\": {\"fields\": [\"details_text\"]}}]"}}, {"model": "admin.logentry", "pk": 256, "fields": {"action_time": "2017-03-23T11:00:39.152Z", "user": 2, "content_type": 25, "object_id": "3", "object_repr": "tuition_about", "action_flag": 2, "change_message": "[{\"changed\": {\"fields\": [\"details_text\"]}}]"}}, {"model": "admin.logentry", "pk": 257, "fields": {"action_time": "2017-03-23T11:01:48.731Z", "user": 2, "content_type": 25, "object_id": "3", "object_repr": "tuition_about", "action_flag": 2, "change_message": "[{\"changed\": {\"fields\": [\"details_text\"]}}]"}}, {"model": "admin.logentry", "pk": 258, "fields": {"action_time": "2017-03-23T11:02:20.272Z", "user": 2, "content_type": 25, "object_id": "3", "object_repr": "tuition_about", "action_flag": 2, "change_message": "[{\"changed\": {\"fields\": [\"details_text\"]}}]"}}, {"model": "admin.logentry", "pk": 259, "fields": {"action_time": "2017-03-23T11:05:38.532Z", "user": 2, "content_type": 25, "object_id": "4", "object_repr": "tuition_features", "action_flag": 1, "change_message": "[{\"added\": {}}]"}}, {"model": "admin.logentry", "pk": 260, "fields": {"action_time": "2017-03-23T11:08:06.868Z", "user": 2, "content_type": 25, "object_id": "4", "object_repr": "tuition_features", "action_flag": 2, "change_message": "[{\"changed\": {\"fields\": [\"details_text\"]}}]"}}, {"model": "admin.logentry", "pk": 261, "fields": {"action_time": "2017-03-23T11:11:21.027Z", "user": 2, "content_type": 25, "object_id": "5", "object_repr": "tuition_teaching", "action_flag": 1, "change_message": "[{\"added\": {}}]"}}, {"model": "admin.logentry", "pk": 262, "fields": {"action_time": "2017-03-23T11:13:55.221Z", "user": 2, "content_type": 25, "object_id": "6", "object_repr": "tuition_strengths", "action_flag": 1, "change_message": "[{\"added\": {}}]"}}, {"model": "admin.logentry", "pk": 263, "fields": {"action_time": "2017-03-23T11:17:31.743Z", "user": 2, "content_type": 25, "object_id": "7", "object_repr": "foundation_overview", "action_flag": 1, "change_message": "[{\"added\": {}}]"}}, {"model": "admin.logentry", "pk": 264, "fields": {"action_time": "2017-03-23T11:19:19.692Z", "user": 2, "content_type": 25, "object_id": "8", "object_repr": "foundation_objectives", "action_flag": 1, "change_message": "[{\"added\": {}}]"}}, {"model": "admin.logentry", "pk": 265, "fields": {"action_time": "2017-03-23T11:20:33.644Z", "user": 2, "content_type": 25, "object_id": "9", "object_repr": "foundation_material", "action_flag": 1, "change_message": "[{\"added\": {}}]"}}, {"model": "admin.logentry", "pk": 266, "fields": {"action_time": "2017-03-23T11:20:54.904Z", "user": 2, "content_type": 25, "object_id": "9", "object_repr": "foundation_material", "action_flag": 2, "change_message": "[{\"changed\": {\"fields\": [\"details_text\"]}}]"}}, {"model": "admin.logentry", "pk": 267, "fields": {"action_time": "2017-03-23T11:22:13.855Z", "user": 2, "content_type": 25, "object_id": "10", "object_repr": "foundation_methodology", "action_flag": 1, "change_message": "[{\"added\": {}}]"}}, {"model": "admin.logentry", "pk": 268, "fields": {"action_time": "2017-03-23T11:23:18.940Z", "user": 2, "content_type": 25, "object_id": "11", "object_repr": "foundation_strengths", "action_flag": 1, "change_message": "[{\"added\": {}}]"}}, {"model": "admin.logentry", "pk": 269, "fields": {"action_time": "2017-03-23T11:26:51.219Z", "user": 2, "content_type": 25, "object_id": "12", "object_repr": "tuition11_overview", "action_flag": 1, "change_message": "[{\"added\": {}}]"}}, {"model": "admin.logentry", "pk": 270, "fields": {"action_time": "2017-03-23T11:28:59.443Z", "user": 2, "content_type": 25, "object_id": "13", "object_repr": "tuition11_need", "action_flag": 1, "change_message": "[{\"added\": {}}]"}}, {"model": "admin.logentry", "pk": 271, "fields": {"action_time": "2017-03-23T11:31:45.007Z", "user": 2, "content_type": 25, "object_id": "14", "object_repr": "tuition11_objective", "action_flag": 1, "change_message": "[{\"added\": {}}]"}}, {"model": "admin.logentry", "pk": 272, "fields": {"action_time": "2017-03-24T03:40:25.793Z", "user": 2, "content_type": 25, "object_id": "15", "object_repr": "tuition11_abt", "action_flag": 1, "change_message": "[{\"added\": {}}]"}}, {"model": "admin.logentry", "pk": 273, "fields": {"action_time": "2017-03-24T03:43:45.709Z", "user": 2, "content_type": 25, "object_id": "16", "object_repr": "tuition11_features", "action_flag": 1, "change_message": "[{\"added\": {}}]"}}, {"model": "admin.logentry", "pk": 274, "fields": {"action_time": "2017-03-24T03:45:43.450Z", "user": 2, "content_type": 25, "object_id": "16", "object_repr": "tuition11_features", "action_flag": 2, "change_message": "[{\"changed\": {\"fields\": [\"details_text\"]}}]"}}, {"model": "admin.logentry", "pk": 275, "fields": {"action_time": "2017-03-24T03:47:33.225Z", "user": 2, "content_type": 25, "object_id": "17", "object_repr": "tuition11_teaching", "action_flag": 1, "change_message": "[{\"added\": {}}]"}}, {"model": "admin.logentry", "pk": 276, "fields": {"action_time": "2017-03-24T03:49:19.384Z", "user": 2, "content_type": 25, "object_id": "18", "object_repr": "tuition_strengths", "action_flag": 1, "change_message": "[{\"added\": {}}]"}}, {"model": "admin.logentry", "pk": 277, "fields": {"action_time": "2017-03-24T03:53:29.164Z", "user": 2, "content_type": 25, "object_id": "19", "object_repr": "tuition11_highlights", "action_flag": 1, "change_message": "[{\"added\": {}}]"}}, {"model": "admin.logentry", "pk": 278, "fields": {"action_time": "2017-03-24T03:56:45.762Z", "user": 2, "content_type": 25, "object_id": "20", "object_repr": "jee_overview", "action_flag": 1, "change_message": "[{\"added\": {}}]"}}, {"model": "admin.logentry", "pk": 279, "fields": {"action_time": "2017-03-24T03:59:18.113Z", "user": 2, "content_type": 25, "object_id": "21", "object_repr": "jee_objectives", "action_flag": 1, "change_message": "[{\"added\": {}}]"}}, {"model": "admin.logentry", "pk": 280, "fields": {"action_time": "2017-03-24T04:01:59.545Z", "user": 2, "content_type": 25, "object_id": "22", "object_repr": "jee_material", "action_flag": 1, "change_message": "[{\"added\": {}}]"}}, {"model": "admin.logentry", "pk": 281, "fields": {"action_time": "2017-03-24T04:03:20.900Z", "user": 2, "content_type": 25, "object_id": "23", "object_repr": "jee_methodology", "action_flag": 1, "change_message": "[{\"added\": {}}]"}}, {"model": "admin.logentry", "pk": 282, "fields": {"action_time": "2017-03-24T04:05:08.945Z", "user": 2, "content_type": 25, "object_id": "24", "object_repr": "jee_strength", "action_flag": 1, "change_message": "[{\"added\": {}}]"}}, {"model": "admin.logentry", "pk": 283, "fields": {"action_time": "2017-03-24T04:06:27.291Z", "user": 2, "content_type": 25, "object_id": "25", "object_repr": "neet_overview", "action_flag": 1, "change_message": "[{\"added\": {}}]"}}, {"model": "admin.logentry", "pk": 284, "fields": {"action_time": "2017-03-24T04:07:40.593Z", "user": 2, "content_type": 25, "object_id": "26", "object_repr": "neet_objectives", "action_flag": 1, "change_message": "[{\"added\": {}}]"}}, {"model": "admin.logentry", "pk": 285, "fields": {"action_time": "2017-03-24T04:09:21.124Z", "user": 2, "content_type": 25, "object_id": "27", "object_repr": "neet_material", "action_flag": 1, "change_message": "[{\"added\": {}}]"}}, {"model": "admin.logentry", "pk": 286, "fields": {"action_time": "2017-03-24T04:10:20.410Z", "user": 2, "content_type": 25, "object_id": "28", "object_repr": "neet_methodology", "action_flag": 1, "change_message": "[{\"added\": {}}]"}}, {"model": "admin.logentry", "pk": 287, "fields": {"action_time": "2017-03-24T04:11:17.549Z", "user": 2, "content_type": 25, "object_id": "29", "object_repr": "neet_strengths", "action_flag": 1, "change_message": "[{\"added\": {}}]"}}, {"model": "admin.logentry", "pk": 288, "fields": {"action_time": "2017-03-24T04:16:17.537Z", "user": 2, "content_type": 25, "object_id": "30", "object_repr": "plustwo_overview", "action_flag": 1, "change_message": "[{\"added\": {}}]"}}, {"model": "admin.logentry", "pk": 289, "fields": {"action_time": "2017-03-24T04:16:38.813Z", "user": 2, "content_type": 25, "object_id": "30", "object_repr": "plustwo_overview", "action_flag": 2, "change_message": "[{\"changed\": {\"fields\": [\"details_text\"]}}]"}}, {"model": "admin.logentry", "pk": 290, "fields": {"action_time": "2017-03-24T04:18:22.420Z", "user": 2, "content_type": 25, "object_id": "31", "object_repr": "plustwo_objectives", "action_flag": 1, "change_message": "[{\"added\": {}}]"}}, {"model": "admin.logentry", "pk": 291, "fields": {"action_time": "2017-03-24T04:19:27.003Z", "user": 2, "content_type": 25, "object_id": "32", "object_repr": "plustwo_about", "action_flag": 1, "change_message": "[{\"added\": {}}]"}}, {"model": "admin.logentry", "pk": 292, "fields": {"action_time": "2017-03-24T04:20:50.562Z", "user": 2, "content_type": 25, "object_id": "33", "object_repr": "plustwo_strengths", "action_flag": 1, "change_message": "[{\"added\": {}}]"}}, {"model": "admin.logentry", "pk": 293, "fields": {"action_time": "2017-03-24T04:22:18.248Z", "user": 2, "content_type": 25, "object_id": "34", "object_repr": "nios_overview", "action_flag": 1, "change_message": "[{\"added\": {}}]"}}, {"model": "admin.logentry", "pk": 294, "fields": {"action_time": "2017-03-24T04:24:54.733Z", "user": 2, "content_type": 25, "object_id": "35", "object_repr": "nios_features", "action_flag": 1, "change_message": "[{\"added\": {}}]"}}, {"model": "admin.logentry", "pk": 295, "fields": {"action_time": "2017-03-24T04:26:12.145Z", "user": 2, "content_type": 25, "object_id": "36", "object_repr": "nios_about", "action_flag": 1, "change_message": "[{\"added\": {}}]"}}, {"model": "admin.logentry", "pk": 296, "fields": {"action_time": "2017-03-24T04:27:28.039Z", "user": 2, "content_type": 25, "object_id": "37", "object_repr": "nios_strengths", "action_flag": 1, "change_message": "[{\"added\": {}}]"}}, {"model": "admin.logentry", "pk": 297, "fields": {"action_time": "2017-03-24T04:29:16.066Z", "user": 2, "content_type": 25, "object_id": "38", "object_repr": "bahis_overview", "action_flag": 1, "change_message": "[{\"added\": {}}]"}}, {"model": "admin.logentry", "pk": 298, "fields": {"action_time": "2017-03-24T04:32:27.496Z", "user": 2, "content_type": 25, "object_id": "39", "object_repr": "bahis_features", "action_flag": 1, "change_message": "[{\"added\": {}}]"}}, {"model": "admin.logentry", "pk": 299, "fields": {"action_time": "2017-03-24T04:34:02.613Z", "user": 2, "content_type": 25, "object_id": "40", "object_repr": "bahis_about", "action_flag": 1, "change_message": "[{\"added\": {}}]"}}, {"model": "admin.logentry", "pk": 300, "fields": {"action_time": "2017-03-24T04:35:33.098Z", "user": 2, "content_type": 25, "object_id": "41", "object_repr": "bahis_strengths", "action_flag": 1, "change_message": "[{\"added\": {}}]"}}, {"model": "admin.logentry", "pk": 301, "fields": {"action_time": "2017-03-24T04:37:04.633Z", "user": 2, "content_type": 25, "object_id": "42", "object_repr": "bahis_time", "action_flag": 1, "change_message": "[{\"added\": {}}]"}}, {"model": "admin.logentry", "pk": 302, "fields": {"action_time": "2017-03-24T04:43:36.963Z", "user": 2, "content_type": 25, "object_id": "43", "object_repr": "bcom_overview", "action_flag": 1, "change_message": "[{\"added\": {}}]"}}, {"model": "admin.logentry", "pk": 303, "fields": {"action_time": "2017-03-24T04:45:19.407Z", "user": 2, "content_type": 25, "object_id": "44", "object_repr": "bcom_features", "action_flag": 1, "change_message": "[{\"added\": {}}]"}}, {"model": "admin.logentry", "pk": 304, "fields": {"action_time": "2017-03-24T04:46:59.553Z", "user": 2, "content_type": 25, "object_id": "45", "object_repr": "bcom_about", "action_flag": 1, "change_message": "[{\"added\": {}}]"}}, {"model": "admin.logentry", "pk": 305, "fields": {"action_time": "2017-03-24T05:00:01.622Z", "user": 2, "content_type": 25, "object_id": "46", "object_repr": "bcom_special", "action_flag": 1, "change_message": "[{\"added\": {}}]"}}, {"model": "admin.logentry", "pk": 306, "fields": {"action_time": "2017-03-24T05:01:07.234Z", "user": 2, "content_type": 25, "object_id": "47", "object_repr": "bcom_strengths", "action_flag": 1, "change_message": "[{\"added\": {}}]"}}, {"model": "admin.logentry", "pk": 307, "fields": {"action_time": "2017-03-24T05:01:59.965Z", "user": 2, "content_type": 25, "object_id": "48", "object_repr": "bcom_time", "action_flag": 1, "change_message": "[{\"added\": {}}]"}}, {"model": "admin.logentry", "pk": 308, "fields": {"action_time": "2017-03-24T05:03:17.434Z", "user": 2, "content_type": 25, "object_id": "48", "object_repr": "bcom_time", "action_flag": 2, "change_message": "[{\"changed\": {\"fields\": [\"details_text\"]}}]"}}, {"model": "admin.logentry", "pk": 309, "fields": {"action_time": "2017-03-24T05:05:10.219Z", "user": 2, "content_type": 25, "object_id": "49", "object_repr": "bba_overview", "action_flag": 1, "change_message": "[{\"added\": {}}]"}}, {"model": "admin.logentry", "pk": 310, "fields": {"action_time": "2017-03-24T05:07:23.350Z", "user": 2, "content_type": 25, "object_id": "50", "object_repr": "bba_features", "action_flag": 1, "change_message": "[{\"added\": {}}]"}}, {"model": "admin.logentry", "pk": 311, "fields": {"action_time": "2017-03-24T05:08:16.705Z", "user": 2, "content_type": 25, "object_id": "51", "object_repr": "bba_about", "action_flag": 1, "change_message": "[{\"added\": {}}]"}}, {"model": "admin.logentry", "pk": 312, "fields": {"action_time": "2017-03-24T05:08:54.564Z", "user": 2, "content_type": 25, "object_id": "51", "object_repr": "bba_about", "action_flag": 2, "change_message": "[{\"changed\": {\"fields\": [\"details_text\"]}}]"}}, {"model": "admin.logentry", "pk": 313, "fields": {"action_time": "2017-03-24T05:09:35.422Z", "user": 2, "content_type": 25, "object_id": "52", "object_repr": "bba_strengths", "action_flag": 1, "change_message": "[{\"added\": {}}]"}}, {"model": "admin.logentry", "pk": 314, "fields": {"action_time": "2017-03-24T05:10:58.866Z", "user": 2, "content_type": 25, "object_id": "53", "object_repr": "bba_time", "action_flag": 1, "change_message": "[{\"added\": {}}]"}}, {"model": "admin.logentry", "pk": 315, "fields": {"action_time": "2017-03-24T05:11:42.689Z", "user": 2, "content_type": 25, "object_id": "53", "object_repr": "bba_time", "action_flag": 2, "change_message": "[{\"changed\": {\"fields\": [\"details_text\"]}}]"}}, {"model": "admin.logentry", "pk": 316, "fields": {"action_time": "2017-03-24T05:14:27.873Z", "user": 2, "content_type": 25, "object_id": "54", "object_repr": "mcom_overview", "action_flag": 1, "change_message": "[{\"added\": {}}]"}}, {"model": "admin.logentry", "pk": 317, "fields": {"action_time": "2017-03-24T05:15:33.802Z", "user": 2, "content_type": 25, "object_id": "55", "object_repr": "mcom_features", "action_flag": 1, "change_message": "[{\"added\": {}}]"}}, {"model": "admin.logentry", "pk": 318, "fields": {"action_time": "2017-03-24T05:16:52.827Z", "user": 2, "content_type": 25, "object_id": "56", "object_repr": "mcom_career", "action_flag": 1, "change_message": "[{\"added\": {}}]"}}, {"model": "admin.logentry", "pk": 319, "fields": {"action_time": "2017-03-24T05:17:47.628Z", "user": 2, "content_type": 25, "object_id": "56", "object_repr": "mcom_career", "action_flag": 2, "change_message": "[{\"changed\": {\"fields\": [\"order\"]}}]"}}, {"model": "admin.logentry", "pk": 320, "fields": {"action_time": "2017-03-24T05:19:08.367Z", "user": 2, "content_type": 25, "object_id": "57", "object_repr": "mcom_about", "action_flag": 1, "change_message": "[{\"added\": {}}]"}}, {"model": "admin.logentry", "pk": 321, "fields": {"action_time": "2017-03-24T05:20:25.142Z", "user": 2, "content_type": 25, "object_id": "58", "object_repr": "mcom_strengths", "action_flag": 1, "change_message": "[{\"added\": {}}]"}}, {"model": "admin.logentry", "pk": 322, "fields": {"action_time": "2017-03-24T05:21:56.857Z", "user": 2, "content_type": 25, "object_id": "59", "object_repr": "mcom_time", "action_flag": 1, "change_message": "[{\"added\": {}}]"}}, {"model": "admin.logentry", "pk": 323, "fields": {"action_time": "2017-03-24T05:22:30.242Z", "user": 2, "content_type": 25, "object_id": "58", "object_repr": "mcom_strengths", "action_flag": 2, "change_message": "[]"}}, {"model": "admin.logentry", "pk": 324, "fields": {"action_time": "2017-03-24T05:24:33.593Z", "user": 2, "content_type": 25, "object_id": "60", "object_repr": "mba_overview", "action_flag": 1, "change_message": "[{\"added\": {}}]"}}, {"model": "admin.logentry", "pk": 325, "fields": {"action_time": "2017-03-24T05:25:42.003Z", "user": 2, "content_type": 25, "object_id": "61", "object_repr": "mba_features", "action_flag": 1, "change_message": "[{\"added\": {}}]"}}, {"model": "admin.logentry", "pk": 326, "fields": {"action_time": "2017-03-24T05:27:09.660Z", "user": 2, "content_type": 25, "object_id": "62", "object_repr": "mba_about", "action_flag": 1, "change_message": "[{\"added\": {}}]"}}, {"model": "admin.logentry", "pk": 327, "fields": {"action_time": "2017-03-24T05:28:43.087Z", "user": 2, "content_type": 25, "object_id": "63", "object_repr": "mba_special", "action_flag": 1, "change_message": "[{\"added\": {}}]"}}, {"model": "admin.logentry", "pk": 328, "fields": {"action_time": "2017-03-24T05:29:43.517Z", "user": 2, "content_type": 25, "object_id": "64", "object_repr": "mba_strengths", "action_flag": 1, "change_message": "[{\"added\": {}}]"}}, {"model": "admin.logentry", "pk": 329, "fields": {"action_time": "2017-03-24T05:30:34.817Z", "user": 2, "content_type": 25, "object_id": "65", "object_repr": "mba_time", "action_flag": 1, "change_message": "[{\"added\": {}}]"}}, {"model": "admin.logentry", "pk": 330, "fields": {"action_time": "2017-03-24T05:33:46.423Z", "user": 2, "content_type": 25, "object_id": "66", "object_repr": "pgd_overview", "action_flag": 1, "change_message": "[{\"added\": {}}]"}}, {"model": "admin.logentry", "pk": 331, "fields": {"action_time": "2017-03-24T05:36:53.299Z", "user": 2, "content_type": 25, "object_id": "67", "object_repr": "pgd_about", "action_flag": 1, "change_message": "[{\"added\": {}}]"}}, {"model": "admin.logentry", "pk": 332, "fields": {"action_time": "2017-03-24T05:41:14.943Z", "user": 2, "content_type": 25, "object_id": "68", "object_repr": "pgd_career", "action_flag": 1, "change_message": "[{\"added\": {}}]"}}, {"model": "admin.logentry", "pk": 333, "fields": {"action_time": "2017-03-24T05:42:01.346Z", "user": 2, "content_type": 25, "object_id": "69", "object_repr": "pgd_strengths", "action_flag": 1, "change_message": "[{\"added\": {}}]"}}, {"model": "admin.logentry", "pk": 334, "fields": {"action_time": "2017-03-24T05:43:04.776Z", "user": 2, "content_type": 25, "object_id": "70", "object_repr": "pgd_time", "action_flag": 1, "change_message": "[{\"added\": {}}]"}}, {"model": "admin.logentry", "pk": 335, "fields": {"action_time": "2017-03-24T05:46:42.737Z", "user": 2, "content_type": 25, "object_id": "57", "object_repr": "mcom_about", "action_flag": 2, "change_message": "[{\"changed\": {\"fields\": [\"details_text\"]}}]"}}, {"model": "admin.logentry", "pk": 336, "fields": {"action_time": "2017-03-24T05:48:56.772Z", "user": 2, "content_type": 25, "object_id": "53", "object_repr": "bba_time", "action_flag": 2, "change_message": "[{\"changed\": {\"fields\": [\"details_text\"]}}]"}}, {"model": "admin.logentry", "pk": 337, "fields": {"action_time": "2017-03-24T05:50:07.490Z", "user": 2, "content_type": 25, "object_id": "34", "object_repr": "nios_overview", "action_flag": 2, "change_message": "[{\"changed\": {\"fields\": [\"details_text\"]}}]"}}, {"model": "admin.logentry", "pk": 338, "fields": {"action_time": "2017-03-24T05:51:14.311Z", "user": 2, "content_type": 25, "object_id": "36", "object_repr": "nios_about", "action_flag": 2, "change_message": "[{\"changed\": {\"fields\": [\"details_text\"]}}]"}}, {"model": "admin.logentry", "pk": 339, "fields": {"action_time": "2017-03-24T05:54:36.796Z", "user": 2, "content_type": 25, "object_id": "71", "object_repr": "plustwo_time", "action_flag": 1, "change_message": "[{\"added\": {}}]"}}, {"model": "admin.logentry", "pk": 340, "fields": {"action_time": "2017-03-24T05:55:35.964Z", "user": 2, "content_type": 25, "object_id": "72", "object_repr": "nios_time", "action_flag": 1, "change_message": "[{\"added\": {}}]"}}, {"model": "admin.logentry", "pk": 341, "fields": {"action_time": "2017-03-24T08:58:44.353Z", "user": 2, "content_type": 12, "object_id": "1", "object_repr": "exam01", "action_flag": 2, "change_message": "[{\"changed\": {\"fields\": [\"details_text\"]}}]"}}, {"model": "admin.logentry", "pk": 342, "fields": {"action_time": "2017-03-24T09:01:34.841Z", "user": 2, "content_type": 12, "object_id": "1", "object_repr": "exam01", "action_flag": 2, "change_message": "[]"}}, {"model": "admin.logentry", "pk": 343, "fields": {"action_time": "2017-03-24T09:14:07.470Z", "user": 2, "content_type": 24, "object_id": "1", "object_repr": "SiteConfiguration object", "action_flag": 2, "change_message": "[{\"changed\": {\"fields\": [\"aboutus_text\"]}}]"}}, {"model": "admin.logentry", "pk": 344, "fields": {"action_time": "2017-03-24T09:15:30.779Z", "user": 2, "content_type": 24, "object_id": "1", "object_repr": "SiteConfiguration object", "action_flag": 2, "change_message": "[{\"changed\": {\"fields\": [\"aboutus_text\"]}}]"}}, {"model": "admin.logentry", "pk": 345, "fields": {"action_time": "2017-03-24T09:17:16.302Z", "user": 2, "content_type": 14, "object_id": "20", "object_repr": "psc", "action_flag": 1, "change_message": "[{\"added\": {}}]"}}, {"model": "admin.logentry", "pk": 346, "fields": {"action_time": "2017-03-24T09:22:33.666Z", "user": 2, "content_type": 25, "object_id": "73", "object_repr": "psc_overview", "action_flag": 1, "change_message": "[{\"added\": {}}]"}}, {"model": "admin.logentry", "pk": 347, "fields": {"action_time": "2017-03-24T09:25:15.735Z", "user": 2, "content_type": 25, "object_id": "74", "object_repr": "psc_features", "action_flag": 1, "change_message": "[{\"added\": {}}]"}}, {"model": "admin.logentry", "pk": 348, "fields": {"action_time": "2017-03-24T09:26:29.344Z", "user": 2, "content_type": 25, "object_id": "75", "object_repr": "psc_about", "action_flag": 1, "change_message": "[{\"added\": {}}]"}}, {"model": "admin.logentry", "pk": 349, "fields": {"action_time": "2017-03-24T09:27:44.021Z", "user": 2, "content_type": 25, "object_id": "76", "object_repr": "psc_time", "action_flag": 1, "change_message": "[{\"added\": {}}]"}}, {"model": "admin.logentry", "pk": 350, "fields": {"action_time": "2017-03-24T10:40:49.463Z", "user": 2, "content_type": 16, "object_id": "8", "object_repr": "Foundation", "action_flag": 2, "change_message": "[{\"changed\": {\"fields\": [\"title\"]}}]"}}, {"model": "admin.logentry", "pk": 351, "fields": {"action_time": "2017-03-24T10:41:52.461Z", "user": 2, "content_type": 16, "object_id": "7", "object_repr": "NIOS/ Plus Two", "action_flag": 2, "change_message": "[{\"changed\": {\"fields\": [\"title\"]}}]"}}, {"model": "admin.logentry", "pk": 352, "fields": {"action_time": "2017-03-24T10:42:32.983Z", "user": 2, "content_type": 16, "object_id": "7", "object_repr": "NIOS / Plus Two", "action_flag": 2, "change_message": "[{\"changed\": {\"fields\": [\"title\"]}}]"}}, {"model": "admin.logentry", "pk": 353, "fields": {"action_time": "2017-03-24T10:43:39.204Z", "user": 2, "content_type": 16, "object_id": "6", "object_repr": "Undergraduate Courses", "action_flag": 2, "change_message": "[{\"changed\": {\"fields\": [\"title\"]}}]"}}, {"model": "admin.logentry", "pk": 354, "fields": {"action_time": "2017-03-24T10:44:37.535Z", "user": 2, "content_type": 16, "object_id": "5", "object_repr": "Post Graduate Courses", "action_flag": 2, "change_message": "[{\"changed\": {\"fields\": [\"title\"]}}]"}}, {"model": "admin.logentry", "pk": 355, "fields": {"action_time": "2017-03-24T10:45:42.217Z", "user": 2, "content_type": 16, "object_id": "4", "object_repr": "Tuition Program", "action_flag": 2, "change_message": "[{\"changed\": {\"fields\": [\"title\"]}}]"}}, {"model": "admin.logentry", "pk": 356, "fields": {"action_time": "2017-03-24T10:46:30.627Z", "user": 2, "content_type": 16, "object_id": "3", "object_repr": "Entrance Coaching", "action_flag": 2, "change_message": "[{\"changed\": {\"fields\": [\"title\"]}}]"}}, {"model": "admin.logentry", "pk": 357, "fields": {"action_time": "2017-03-24T10:47:15.207Z", "user": 2, "content_type": 13, "object_id": "1", "object_repr": "testi01", "action_flag": 2, "change_message": "[{\"changed\": {\"fields\": [\"student_photo\"]}}]"}}, {"model": "admin.logentry", "pk": 358, "fields": {"action_time": "2017-03-24T10:51:45.430Z", "user": 2, "content_type": 13, "object_id": "1", "object_repr": "testi01", "action_flag": 2, "change_message": "[{\"changed\": {\"fields\": [\"published_date\"]}}]"}}, {"model": "admin.logentry", "pk": 359, "fields": {"action_time": "2017-03-24T10:53:03.927Z", "user": 2, "content_type": 13, "object_id": "1", "object_repr": "testi01", "action_flag": 2, "change_message": "[]"}}, {"model": "admin.logentry", "pk": 360, "fields": {"action_time": "2017-03-24T10:53:40.049Z", "user": 2, "content_type": 13, "object_id": "1", "object_repr": "testi01", "action_flag": 3, "change_message": ""}}, {"model": "admin.logentry", "pk": 361, "fields": {"action_time": "2017-03-24T11:23:31.499Z", "user": 2, "content_type": 21, "object_id": "4", "object_repr": "coordinator_science_tri", "action_flag": 2, "change_message": "[{\"changed\": {\"fields\": [\"phone\"]}}]"}}, {"model": "admin.logentry", "pk": 362, "fields": {"action_time": "2017-03-24T17:44:47.580Z", "user": 1, "content_type": 8, "object_id": "1", "object_repr": "slogan01", "action_flag": 2, "change_message": "[{\"changed\": {\"fields\": [\"background\"]}}]"}}, {"model": "admin.logentry", "pk": 363, "fields": {"action_time": "2017-03-24T17:45:03.731Z", "user": 1, "content_type": 8, "object_id": "3", "object_repr": "slogan02", "action_flag": 2, "change_message": "[{\"changed\": {\"fields\": [\"background\"]}}]"}}, {"model": "admin.logentry", "pk": 364, "fields": {"action_time": "2017-03-25T02:41:54.949Z", "user": 1, "content_type": 8, "object_id": "3", "object_repr": "slogan02", "action_flag": 2, "change_message": "[{\"changed\": {\"fields\": [\"background\"]}}]"}}, {"model": "admin.logentry", "pk": 365, "fields": {"action_time": "2017-03-25T02:42:02.097Z", "user": 1, "content_type": 8, "object_id": "1", "object_repr": "slogan01", "action_flag": 2, "change_message": "[{\"changed\": {\"fields\": [\"background\"]}}]"}}, {"model": "admin.logentry", "pk": 366, "fields": {"action_time": "2017-03-25T02:42:11.355Z", "user": 1, "content_type": 8, "object_id": "1", "object_repr": "slogan01", "action_flag": 2, "change_message": "[{\"changed\": {\"fields\": [\"background\"]}}]"}}, {"model": "admin.logentry", "pk": 367, "fields": {"action_time": "2017-03-25T02:42:18.070Z", "user": 1, "content_type": 8, "object_id": "3", "object_repr": "slogan02", "action_flag": 2, "change_message": "[{\"changed\": {\"fields\": [\"background\"]}}]"}}, {"model": "admin.logentry", "pk": 368, "fields": {"action_time": "2017-03-25T04:07:11.003Z", "user": 2, "content_type": 24, "object_id": "1", "object_repr": "SiteConfiguration object", "action_flag": 2, "change_message": "[{\"changed\": {\"fields\": [\"training_methodology\"]}}]"}}, {"model": "admin.logentry", "pk": 369, "fields": {"action_time": "2017-03-25T04:09:31.209Z", "user": 2, "content_type": 24, "object_id": "1", "object_repr": "SiteConfiguration object", "action_flag": 2, "change_message": "[{\"changed\": {\"fields\": [\"training_methodology\"]}}]"}}, {"model": "admin.logentry", "pk": 370, "fields": {"action_time": "2017-03-25T04:24:46.516Z", "user": 2, "content_type": 8, "object_id": "4", "object_repr": "slogan03", "action_flag": 1, "change_message": "[{\"added\": {}}]"}}, {"model": "admin.logentry", "pk": 371, "fields": {"action_time": "2017-03-25T04:26:03.823Z", "user": 2, "content_type": 8, "object_id": "4", "object_repr": "slogan03", "action_flag": 3, "change_message": ""}}, {"model": "admin.logentry", "pk": 372, "fields": {"action_time": "2017-03-25T04:41:32.392Z", "user": 2, "content_type": 8, "object_id": "5", "object_repr": "slogan03", "action_flag": 1, "change_message": "[{\"added\": {}}]"}}, {"model": "admin.logentry", "pk": 373, "fields": {"action_time": "2017-03-25T04:43:01.594Z", "user": 2, "content_type": 8, "object_id": "5", "object_repr": "slogan03", "action_flag": 3, "change_message": ""}}, {"model": "admin.logentry", "pk": 374, "fields": {"action_time": "2017-03-25T07:08:30.079Z", "user": 2, "content_type": 9, "object_id": "3", "object_repr": "mock03", "action_flag": 1, "change_message": "[{\"added\": {}}]"}}, {"model": "admin.logentry", "pk": 375, "fields": {"action_time": "2017-03-25T07:17:36.282Z", "user": 2, "content_type": 9, "object_id": "3", "object_repr": "mock03", "action_flag": 2, "change_message": "[{\"changed\": {\"fields\": [\"sub_title\"]}}]"}}, {"model": "admin.logentry", "pk": 376, "fields": {"action_time": "2017-03-25T09:39:03.847Z", "user": 1, "content_type": 24, "object_id": "1", "object_repr": "SiteConfiguration object", "action_flag": 2, "change_message": "[{\"changed\": {\"fields\": [\"boards_photo\", \"methodology_image\"]}}]"}}, {"model": "admin.logentry", "pk": 377, "fields": {"action_time": "2017-03-25T11:17:53.891Z", "user": 2, "content_type": 8, "object_id": "4", "object_repr": "slogan03", "action_flag": 1, "change_message": "[{\"added\": {}}]"}}, {"model": "admin.logentry", "pk": 378, "fields": {"action_time": "2017-03-25T11:19:14.360Z", "user": 2, "content_type": 8, "object_id": "4", "object_repr": "slogan03", "action_flag": 3, "change_message": ""}}, {"model": "admin.logentry", "pk": 379, "fields": {"action_time": "2017-03-26T03:45:41.544Z", "user": 2, "content_type": 25, "object_id": "3", "object_repr": "tuition_about", "action_flag": 2, "change_message": "[{\"changed\": {\"fields\": [\"details_text\"]}}]"}}, {"model": "admin.logentry", "pk": 380, "fields": {"action_time": "2017-03-26T03:45:56.529Z", "user": 2, "content_type": 25, "object_id": "5", "object_repr": "tuition_teaching", "action_flag": 2, "change_message": "[{\"changed\": {\"fields\": [\"details_text\"]}}]"}}, {"model": "admin.logentry", "pk": 381, "fields": {"action_time": "2017-03-26T03:46:40.913Z", "user": 2, "content_type": 25, "object_id": "4", "object_repr": "tuition_features", "action_flag": 2, "change_message": "[{\"changed\": {\"fields\": [\"details_text\"]}}]"}}, {"model": "admin.logentry", "pk": 382, "fields": {"action_time": "2017-03-26T03:47:44.774Z", "user": 2, "content_type": 25, "object_id": "8", "object_repr": "foundation_objectives", "action_flag": 2, "change_message": "[{\"changed\": {\"fields\": [\"details_text\"]}}]"}}, {"model": "admin.logentry", "pk": 383, "fields": {"action_time": "2017-03-26T03:48:41.191Z", "user": 2, "content_type": 25, "object_id": "9", "object_repr": "foundation_material", "action_flag": 2, "change_message": "[{\"changed\": {\"fields\": [\"details_text\"]}}]"}}, {"model": "admin.logentry", "pk": 384, "fields": {"action_time": "2017-03-26T03:49:17.962Z", "user": 2, "content_type": 25, "object_id": "10", "object_repr": "foundation_methodology", "action_flag": 2, "change_message": "[{\"changed\": {\"fields\": [\"details_text\"]}}]"}}, {"model": "admin.logentry", "pk": 385, "fields": {"action_time": "2017-03-26T03:50:14.470Z", "user": 2, "content_type": 25, "object_id": "12", "object_repr": "tuition11_overview", "action_flag": 2, "change_message": "[{\"changed\": {\"fields\": [\"details_text\"]}}]"}}, {"model": "admin.logentry", "pk": 386, "fields": {"action_time": "2017-03-26T03:50:56.010Z", "user": 2, "content_type": 25, "object_id": "22", "object_repr": "jee_material", "action_flag": 2, "change_message": "[{\"changed\": {\"fields\": [\"details_text\"]}}]"}}, {"model": "admin.logentry", "pk": 387, "fields": {"action_time": "2017-03-26T03:51:14.834Z", "user": 2, "content_type": 25, "object_id": "23", "object_repr": "jee_methodology", "action_flag": 2, "change_message": "[{\"changed\": {\"fields\": [\"details_text\"]}}]"}}, {"model": "admin.logentry", "pk": 388, "fields": {"action_time": "2017-03-26T03:51:41.403Z", "user": 2, "content_type": 25, "object_id": "24", "object_repr": "jee_strength", "action_flag": 2, "change_message": "[{\"changed\": {\"fields\": [\"details_text\"]}}]"}}, {"model": "admin.logentry", "pk": 389, "fields": {"action_time": "2017-03-26T03:52:18.511Z", "user": 2, "content_type": 25, "object_id": "21", "object_repr": "jee_objectives", "action_flag": 2, "change_message": "[{\"changed\": {\"fields\": [\"details_text\"]}}]"}}, {"model": "admin.logentry", "pk": 390, "fields": {"action_time": "2017-03-26T03:52:49.546Z", "user": 2, "content_type": 25, "object_id": "26", "object_repr": "neet_objectives", "action_flag": 2, "change_message": "[{\"changed\": {\"fields\": [\"details_text\"]}}]"}}, {"model": "admin.logentry", "pk": 391, "fields": {"action_time": "2017-03-26T03:53:10.411Z", "user": 2, "content_type": 25, "object_id": "27", "object_repr": "neet_material", "action_flag": 2, "change_message": "[{\"changed\": {\"fields\": [\"details_text\"]}}]"}}, {"model": "admin.logentry", "pk": 392, "fields": {"action_time": "2017-03-26T03:53:33.805Z", "user": 2, "content_type": 25, "object_id": "28", "object_repr": "neet_methodology", "action_flag": 2, "change_message": "[{\"changed\": {\"fields\": [\"details_text\"]}}]"}}, {"model": "admin.logentry", "pk": 393, "fields": {"action_time": "2017-03-26T03:53:58.575Z", "user": 2, "content_type": 25, "object_id": "29", "object_repr": "neet_strengths", "action_flag": 2, "change_message": "[{\"changed\": {\"fields\": [\"details_text\"]}}]"}}, {"model": "admin.logentry", "pk": 394, "fields": {"action_time": "2017-03-26T03:54:28.411Z", "user": 2, "content_type": 25, "object_id": "30", "object_repr": "plustwo_overview", "action_flag": 2, "change_message": "[{\"changed\": {\"fields\": [\"details_text\"]}}]"}}, {"model": "admin.logentry", "pk": 395, "fields": {"action_time": "2017-03-26T03:54:53.994Z", "user": 2, "content_type": 25, "object_id": "31", "object_repr": "plustwo_objectives", "action_flag": 2, "change_message": "[{\"changed\": {\"fields\": [\"details_text\"]}}]"}}, {"model": "admin.logentry", "pk": 396, "fields": {"action_time": "2017-03-26T03:55:24.208Z", "user": 2, "content_type": 25, "object_id": "32", "object_repr": "plustwo_about", "action_flag": 2, "change_message": "[{\"changed\": {\"fields\": [\"details_text\"]}}]"}}, {"model": "admin.logentry", "pk": 397, "fields": {"action_time": "2017-03-26T03:55:49.407Z", "user": 2, "content_type": 25, "object_id": "33", "object_repr": "plustwo_strengths", "action_flag": 2, "change_message": "[{\"changed\": {\"fields\": [\"details_text\"]}}]"}}, {"model": "admin.logentry", "pk": 398, "fields": {"action_time": "2017-03-26T03:56:23.061Z", "user": 2, "content_type": 25, "object_id": "34", "object_repr": "nios_overview", "action_flag": 2, "change_message": "[{\"changed\": {\"fields\": [\"details_text\"]}}]"}}, {"model": "admin.logentry", "pk": 399, "fields": {"action_time": "2017-03-26T03:56:41.686Z", "user": 2, "content_type": 25, "object_id": "35", "object_repr": "nios_features", "action_flag": 2, "change_message": "[{\"changed\": {\"fields\": [\"details_text\"]}}]"}}, {"model": "admin.logentry", "pk": 400, "fields": {"action_time": "2017-03-26T03:57:28.897Z", "user": 2, "content_type": 25, "object_id": "37", "object_repr": "nios_strengths", "action_flag": 2, "change_message": "[{\"changed\": {\"fields\": [\"details_text\"]}}]"}}, {"model": "admin.logentry", "pk": 401, "fields": {"action_time": "2017-03-26T03:57:50.870Z", "user": 2, "content_type": 25, "object_id": "38", "object_repr": "bahis_overview", "action_flag": 2, "change_message": "[{\"changed\": {\"fields\": [\"details_text\"]}}]"}}, {"model": "admin.logentry", "pk": 402, "fields": {"action_time": "2017-03-26T03:58:12.947Z", "user": 2, "content_type": 25, "object_id": "39", "object_repr": "bahis_features", "action_flag": 2, "change_message": "[{\"changed\": {\"fields\": [\"details_text\"]}}]"}}, {"model": "admin.logentry", "pk": 403, "fields": {"action_time": "2017-03-26T03:58:26.451Z", "user": 2, "content_type": 25, "object_id": "40", "object_repr": "bahis_about", "action_flag": 2, "change_message": "[{\"changed\": {\"fields\": [\"details_text\"]}}]"}}, {"model": "admin.logentry", "pk": 404, "fields": {"action_time": "2017-03-26T03:58:50.810Z", "user": 2, "content_type": 25, "object_id": "41", "object_repr": "bahis_strengths", "action_flag": 2, "change_message": "[{\"changed\": {\"fields\": [\"details_text\"]}}]"}}, {"model": "admin.logentry", "pk": 405, "fields": {"action_time": "2017-03-26T03:59:07.693Z", "user": 2, "content_type": 25, "object_id": "42", "object_repr": "bahis_time", "action_flag": 2, "change_message": "[{\"changed\": {\"fields\": [\"details_text\"]}}]"}}, {"model": "admin.logentry", "pk": 406, "fields": {"action_time": "2017-03-26T03:59:25.114Z", "user": 2, "content_type": 25, "object_id": "43", "object_repr": "bcom_overview", "action_flag": 2, "change_message": "[{\"changed\": {\"fields\": [\"details_text\"]}}]"}}, {"model": "admin.logentry", "pk": 407, "fields": {"action_time": "2017-03-26T03:59:38.179Z", "user": 2, "content_type": 25, "object_id": "44", "object_repr": "bcom_features", "action_flag": 2, "change_message": "[]"}}, {"model": "admin.logentry", "pk": 408, "fields": {"action_time": "2017-03-26T04:00:15.683Z", "user": 2, "content_type": 25, "object_id": "45", "object_repr": "bcom_about", "action_flag": 2, "change_message": "[{\"changed\": {\"fields\": [\"details_text\"]}}]"}}, {"model": "admin.logentry", "pk": 409, "fields": {"action_time": "2017-03-26T04:00:26.382Z", "user": 2, "content_type": 25, "object_id": "46", "object_repr": "bcom_special", "action_flag": 2, "change_message": "[{\"changed\": {\"fields\": [\"details_text\"]}}]"}}, {"model": "admin.logentry", "pk": 410, "fields": {"action_time": "2017-03-26T04:00:53.141Z", "user": 2, "content_type": 25, "object_id": "47", "object_repr": "bcom_strengths", "action_flag": 2, "change_message": "[{\"changed\": {\"fields\": [\"details_text\"]}}]"}}, {"model": "admin.logentry", "pk": 411, "fields": {"action_time": "2017-03-26T04:01:06.466Z", "user": 2, "content_type": 25, "object_id": "48", "object_repr": "bcom_time", "action_flag": 2, "change_message": "[{\"changed\": {\"fields\": [\"details_text\"]}}]"}}, {"model": "admin.logentry", "pk": 412, "fields": {"action_time": "2017-03-26T04:01:37.503Z", "user": 2, "content_type": 25, "object_id": "50", "object_repr": "bba_features", "action_flag": 2, "change_message": "[{\"changed\": {\"fields\": [\"details_text\"]}}]"}}, {"model": "admin.logentry", "pk": 413, "fields": {"action_time": "2017-03-26T04:01:50.576Z", "user": 2, "content_type": 25, "object_id": "51", "object_repr": "bba_about", "action_flag": 2, "change_message": "[{\"changed\": {\"fields\": [\"details_text\"]}}]"}}, {"model": "admin.logentry", "pk": 414, "fields": {"action_time": "2017-03-26T04:02:16.487Z", "user": 2, "content_type": 25, "object_id": "52", "object_repr": "bba_strengths", "action_flag": 2, "change_message": "[{\"changed\": {\"fields\": [\"details_text\"]}}]"}}, {"model": "admin.logentry", "pk": 415, "fields": {"action_time": "2017-03-26T04:03:17.367Z", "user": 2, "content_type": 25, "object_id": "54", "object_repr": "mcom_overview", "action_flag": 2, "change_message": "[{\"changed\": {\"fields\": [\"details_text\"]}}]"}}, {"model": "admin.logentry", "pk": 416, "fields": {"action_time": "2017-03-26T04:03:35.203Z", "user": 2, "content_type": 25, "object_id": "55", "object_repr": "mcom_features", "action_flag": 2, "change_message": "[{\"changed\": {\"fields\": [\"details_text\"]}}]"}}, {"model": "admin.logentry", "pk": 417, "fields": {"action_time": "2017-03-26T04:04:10.444Z", "user": 2, "content_type": 25, "object_id": "56", "object_repr": "mcom_career", "action_flag": 2, "change_message": "[{\"changed\": {\"fields\": [\"details_text\"]}}]"}}, {"model": "admin.logentry", "pk": 418, "fields": {"action_time": "2017-03-26T04:04:38.712Z", "user": 2, "content_type": 25, "object_id": "57", "object_repr": "mcom_about", "action_flag": 2, "change_message": "[{\"changed\": {\"fields\": [\"details_text\"]}}]"}}, {"model": "admin.logentry", "pk": 419, "fields": {"action_time": "2017-03-26T04:05:00.869Z", "user": 2, "content_type": 25, "object_id": "58", "object_repr": "mcom_strengths", "action_flag": 2, "change_message": "[{\"changed\": {\"fields\": [\"details_text\"]}}]"}}, {"model": "admin.logentry", "pk": 420, "fields": {"action_time": "2017-03-26T04:05:13.013Z", "user": 2, "content_type": 25, "object_id": "59", "object_repr": "mcom_time", "action_flag": 2, "change_message": "[{\"changed\": {\"fields\": [\"details_text\"]}}]"}}, {"model": "admin.logentry", "pk": 421, "fields": {"action_time": "2017-03-26T04:05:55.740Z", "user": 2, "content_type": 25, "object_id": "61", "object_repr": "mba_features", "action_flag": 2, "change_message": "[{\"changed\": {\"fields\": [\"details_text\"]}}]"}}, {"model": "admin.logentry", "pk": 422, "fields": {"action_time": "2017-03-26T04:06:06.820Z", "user": 2, "content_type": 25, "object_id": "62", "object_repr": "mba_about", "action_flag": 2, "change_message": "[{\"changed\": {\"fields\": [\"details_text\"]}}]"}}, {"model": "admin.logentry", "pk": 423, "fields": {"action_time": "2017-03-26T04:06:45.610Z", "user": 2, "content_type": 25, "object_id": "64", "object_repr": "mba_strengths", "action_flag": 2, "change_message": "[{\"changed\": {\"fields\": [\"details_text\"]}}]"}}, {"model": "admin.logentry", "pk": 424, "fields": {"action_time": "2017-03-26T04:06:57.157Z", "user": 2, "content_type": 25, "object_id": "65", "object_repr": "mba_time", "action_flag": 2, "change_message": "[{\"changed\": {\"fields\": [\"details_text\"]}}]"}}, {"model": "admin.logentry", "pk": 425, "fields": {"action_time": "2017-03-26T04:07:15.056Z", "user": 2, "content_type": 25, "object_id": "67", "object_repr": "pgd_about", "action_flag": 2, "change_message": "[{\"changed\": {\"fields\": [\"details_text\"]}}]"}}, {"model": "admin.logentry", "pk": 426, "fields": {"action_time": "2017-03-26T04:07:35.895Z", "user": 2, "content_type": 25, "object_id": "68", "object_repr": "pgd_career", "action_flag": 2, "change_message": "[{\"changed\": {\"fields\": [\"details_text\"]}}]"}}, {"model": "admin.logentry", "pk": 427, "fields": {"action_time": "2017-03-26T04:08:19.758Z", "user": 2, "content_type": 25, "object_id": "69", "object_repr": "pgd_strengths", "action_flag": 2, "change_message": "[{\"changed\": {\"fields\": [\"details_text\"]}}]"}}, {"model": "admin.logentry", "pk": 428, "fields": {"action_time": "2017-03-26T04:08:39.239Z", "user": 2, "content_type": 25, "object_id": "71", "object_repr": "plustwo_time", "action_flag": 2, "change_message": "[{\"changed\": {\"fields\": [\"details_text\"]}}]"}}, {"model": "admin.logentry", "pk": 429, "fields": {"action_time": "2017-03-26T04:08:52.095Z", "user": 2, "content_type": 25, "object_id": "72", "object_repr": "nios_time", "action_flag": 2, "change_message": "[{\"changed\": {\"fields\": [\"details_text\"]}}]"}}, {"model": "admin.logentry", "pk": 430, "fields": {"action_time": "2017-03-26T04:09:08.583Z", "user": 2, "content_type": 25, "object_id": "74", "object_repr": "psc_features", "action_flag": 2, "change_message": "[{\"changed\": {\"fields\": [\"details_text\"]}}]"}}, {"model": "admin.logentry", "pk": 431, "fields": {"action_time": "2017-03-26T04:09:18.190Z", "user": 2, "content_type": 25, "object_id": "76", "object_repr": "psc_time", "action_flag": 2, "change_message": "[{\"changed\": {\"fields\": [\"details_text\"]}}]"}}, {"model": "admin.logentry", "pk": 432, "fields": {"action_time": "2017-03-26T04:10:03.882Z", "user": 2, "content_type": 25, "object_id": "3", "object_repr": "tuition_about", "action_flag": 2, "change_message": "[{\"changed\": {\"fields\": [\"details_text\"]}}]"}}, {"model": "admin.logentry", "pk": 433, "fields": {"action_time": "2017-03-26T04:10:49.263Z", "user": 2, "content_type": 25, "object_id": "4", "object_repr": "tuition_features", "action_flag": 2, "change_message": "[{\"changed\": {\"fields\": [\"details_text\"]}}]"}}, {"model": "admin.logentry", "pk": 434, "fields": {"action_time": "2017-03-26T04:11:36.328Z", "user": 2, "content_type": 25, "object_id": "6", "object_repr": "tuition_strengths", "action_flag": 2, "change_message": "[{\"changed\": {\"fields\": [\"details_text\"]}}]"}}, {"model": "admin.logentry", "pk": 435, "fields": {"action_time": "2017-03-26T04:12:16.181Z", "user": 2, "content_type": 25, "object_id": "9", "object_repr": "foundation_material", "action_flag": 2, "change_message": "[{\"changed\": {\"fields\": [\"details_text\"]}}]"}}, {"model": "admin.logentry", "pk": 436, "fields": {"action_time": "2017-03-26T04:12:50.628Z", "user": 2, "content_type": 25, "object_id": "11", "object_repr": "foundation_strengths", "action_flag": 2, "change_message": "[{\"changed\": {\"fields\": [\"details_text\"]}}]"}}, {"model": "admin.logentry", "pk": 437, "fields": {"action_time": "2017-03-26T04:13:35.459Z", "user": 2, "content_type": 25, "object_id": "13", "object_repr": "tuition11_need", "action_flag": 2, "change_message": "[{\"changed\": {\"fields\": [\"details_text\"]}}]"}}, {"model": "admin.logentry", "pk": 438, "fields": {"action_time": "2017-03-26T04:14:14.496Z", "user": 2, "content_type": 25, "object_id": "14", "object_repr": "tuition11_objective", "action_flag": 2, "change_message": "[{\"changed\": {\"fields\": [\"details_text\"]}}]"}}, {"model": "admin.logentry", "pk": 439, "fields": {"action_time": "2017-03-26T04:14:39.828Z", "user": 2, "content_type": 25, "object_id": "15", "object_repr": "tuition11_abt", "action_flag": 2, "change_message": "[{\"changed\": {\"fields\": [\"details_text\"]}}]"}}, {"model": "admin.logentry", "pk": 440, "fields": {"action_time": "2017-03-26T04:15:30.131Z", "user": 2, "content_type": 25, "object_id": "16", "object_repr": "tuition11_features", "action_flag": 2, "change_message": "[{\"changed\": {\"fields\": [\"details_text\"]}}]"}}, {"model": "admin.logentry", "pk": 441, "fields": {"action_time": "2017-03-26T04:15:44.151Z", "user": 2, "content_type": 25, "object_id": "17", "object_repr": "tuition11_teaching", "action_flag": 2, "change_message": "[{\"changed\": {\"fields\": [\"details_text\"]}}]"}}, {"model": "admin.logentry", "pk": 442, "fields": {"action_time": "2017-03-26T04:16:16.197Z", "user": 2, "content_type": 25, "object_id": "18", "object_repr": "tuition_strengths", "action_flag": 2, "change_message": "[{\"changed\": {\"fields\": [\"details_text\"]}}]"}}, {"model": "admin.logentry", "pk": 443, "fields": {"action_time": "2017-03-26T04:18:40.355Z", "user": 2, "content_type": 25, "object_id": "19", "object_repr": "tuition11_highlights", "action_flag": 2, "change_message": "[{\"changed\": {\"fields\": [\"details_text\"]}}]"}}, {"model": "admin.logentry", "pk": 444, "fields": {"action_time": "2017-03-26T04:21:33.288Z", "user": 2, "content_type": 25, "object_id": "36", "object_repr": "nios_about", "action_flag": 2, "change_message": "[{\"changed\": {\"fields\": [\"details_text\"]}}]"}}, {"model": "admin.logentry", "pk": 445, "fields": {"action_time": "2017-03-26T04:22:41.343Z", "user": 2, "content_type": 24, "object_id": "1", "object_repr": "SiteConfiguration object", "action_flag": 2, "change_message": "[{\"changed\": {\"fields\": [\"aboutus_text\"]}}]"}}, {"model": "admin.logentry", "pk": 446, "fields": {"action_time": "2017-03-26T04:23:34.356Z", "user": 2, "content_type": 24, "object_id": "1", "object_repr": "SiteConfiguration object", "action_flag": 2, "change_message": "[{\"changed\": {\"fields\": [\"aboutus_text\"]}}]"}}, {"model": "admin.logentry", "pk": 447, "fields": {"action_time": "2017-03-26T04:44:55.804Z", "user": 2, "content_type": 8, "object_id": "5", "object_repr": "slogan03", "action_flag": 1, "change_message": "[{\"added\": {}}]"}}, {"model": "admin.logentry", "pk": 448, "fields": {"action_time": "2017-03-26T04:50:09.232Z", "user": 2, "content_type": 8, "object_id": "6", "object_repr": "slogan04", "action_flag": 1, "change_message": "[{\"added\": {}}]"}}, {"model": "admin.logentry", "pk": 449, "fields": {"action_time": "2017-03-26T04:52:25.902Z", "user": 2, "content_type": 8, "object_id": "6", "object_repr": "slogan04", "action_flag": 2, "change_message": "[{\"changed\": {\"fields\": [\"icon\"]}}]"}}, {"model": "admin.logentry", "pk": 450, "fields": {"action_time": "2017-03-26T04:52:58.551Z", "user": 2, "content_type": 8, "object_id": "5", "object_repr": "slogan03", "action_flag": 2, "change_message": "[{\"changed\": {\"fields\": [\"title\"]}}]"}}, {"model": "admin.logentry", "pk": 451, "fields": {"action_time": "2017-03-26T05:01:02.738Z", "user": 2, "content_type": 8, "object_id": "7", "object_repr": "slogan05", "action_flag": 1, "change_message": "[{\"added\": {}}]"}}, {"model": "admin.logentry", "pk": 452, "fields": {"action_time": "2017-03-26T05:19:08.052Z", "user": 2, "content_type": 12, "object_id": "1", "object_repr": "exam01", "action_flag": 2, "change_message": "[{\"changed\": {\"fields\": [\"title\", \"details_text\"]}}]"}}, {"model": "admin.logentry", "pk": 453, "fields": {"action_time": "2017-03-26T05:20:08.405Z", "user": 2, "content_type": 12, "object_id": "1", "object_repr": "exam01", "action_flag": 2, "change_message": "[{\"changed\": {\"fields\": [\"details_text\"]}}]"}}, {"model": "admin.logentry", "pk": 454, "fields": {"action_time": "2017-03-26T06:31:45.156Z", "user": 2, "content_type": 9, "object_id": "3", "object_repr": "mock03", "action_flag": 2, "change_message": "[]"}}, {"model": "admin.logentry", "pk": 455, "fields": {"action_time": "2017-03-26T06:57:16.846Z", "user": 2, "content_type": 9, "object_id": "4", "object_repr": "mock04", "action_flag": 1, "change_message": "[{\"added\": {}}]"}}, {"model": "admin.logentry", "pk": 456, "fields": {"action_time": "2017-03-26T07:19:09.075Z", "user": 2, "content_type": 9, "object_id": "5", "object_repr": "mock05", "action_flag": 1, "change_message": "[{\"added\": {}}]"}}, {"model": "admin.logentry", "pk": 457, "fields": {"action_time": "2017-03-26T07:23:12.496Z", "user": 2, "content_type": 9, "object_id": "5", "object_repr": "mock05", "action_flag": 2, "change_message": "[{\"changed\": {\"fields\": [\"text\"]}}]"}}, {"model": "admin.logentry", "pk": 458, "fields": {"action_time": "2017-03-26T07:24:28.455Z", "user": 2, "content_type": 9, "object_id": "4", "object_repr": "mock04", "action_flag": 2, "change_message": "[{\"changed\": {\"fields\": [\"text\"]}}]"}}, {"model": "admin.logentry", "pk": 459, "fields": {"action_time": "2017-03-26T07:25:13.681Z", "user": 2, "content_type": 9, "object_id": "3", "object_repr": "mock03", "action_flag": 2, "change_message": "[{\"changed\": {\"fields\": [\"text\"]}}]"}}, {"model": "admin.logentry", "pk": 460, "fields": {"action_time": "2017-03-26T09:11:22.258Z", "user": 2, "content_type": 9, "object_id": "3", "object_repr": "mock03", "action_flag": 2, "change_message": "[{\"changed\": {\"fields\": [\"title\"]}}]"}}, {"model": "admin.logentry", "pk": 461, "fields": {"action_time": "2017-03-26T09:12:15.351Z", "user": 2, "content_type": 9, "object_id": "3", "object_repr": "mock03", "action_flag": 2, "change_message": "[{\"changed\": {\"fields\": [\"title\"]}}]"}}, {"model": "admin.logentry", "pk": 462, "fields": {"action_time": "2017-03-26T09:12:55.188Z", "user": 2, "content_type": 9, "object_id": "4", "object_repr": "mock04", "action_flag": 2, "change_message": "[{\"changed\": {\"fields\": [\"title\"]}}]"}}, {"model": "admin.logentry", "pk": 463, "fields": {"action_time": "2017-03-26T09:13:34.413Z", "user": 2, "content_type": 9, "object_id": "5", "object_repr": "mock05", "action_flag": 2, "change_message": "[{\"changed\": {\"fields\": [\"title\"]}}]"}}, {"model": "admin.logentry", "pk": 464, "fields": {"action_time": "2017-03-26T10:09:50.610Z", "user": 2, "content_type": 9, "object_id": "6", "object_repr": "mock06", "action_flag": 1, "change_message": "[{\"added\": {}}]"}}, {"model": "admin.logentry", "pk": 465, "fields": {"action_time": "2017-03-26T10:10:34.622Z", "user": 2, "content_type": 9, "object_id": "6", "object_repr": "mock06", "action_flag": 2, "change_message": "[{\"changed\": {\"fields\": [\"text\"]}}]"}}, {"model": "admin.logentry", "pk": 466, "fields": {"action_time": "2017-03-26T10:21:55.151Z", "user": 2, "content_type": 9, "object_id": "6", "object_repr": "mock06", "action_flag": 2, "change_message": "[]"}}, {"model": "admin.logentry", "pk": 467, "fields": {"action_time": "2017-03-26T10:36:00.746Z", "user": 2, "content_type": 8, "object_id": "8", "object_repr": "slogan06", "action_flag": 1, "change_message": "[{\"added\": {}}]"}}, {"model": "admin.logentry", "pk": 468, "fields": {"action_time": "2017-03-26T10:38:01.803Z", "user": 2, "content_type": 8, "object_id": "8", "object_repr": "slogan06", "action_flag": 2, "change_message": "[{\"changed\": {\"fields\": [\"icon\"]}}]"}}, {"model": "admin.logentry", "pk": 469, "fields": {"action_time": "2017-03-26T10:39:40.434Z", "user": 2, "content_type": 8, "object_id": "7", "object_repr": "slogan05", "action_flag": 2, "change_message": "[{\"changed\": {\"fields\": [\"icon\"]}}]"}}, {"model": "admin.logentry", "pk": 470, "fields": {"action_time": "2017-03-26T10:45:45.127Z", "user": 2, "content_type": 12, "object_id": "1", "object_repr": "exam01", "action_flag": 2, "change_message": "[{\"changed\": {\"fields\": [\"details_text\"]}}]"}}, {"model": "admin.logentry", "pk": 471, "fields": {"action_time": "2017-03-26T10:46:51.054Z", "user": 2, "content_type": 12, "object_id": "1", "object_repr": "exam01", "action_flag": 2, "change_message": "[{\"changed\": {\"fields\": [\"details_text\"]}}]"}}, {"model": "admin.logentry", "pk": 472, "fields": {"action_time": "2017-03-26T10:47:42.130Z", "user": 2, "content_type": 12, "object_id": "1", "object_repr": "exam01", "action_flag": 2, "change_message": "[{\"changed\": {\"fields\": [\"details_text\"]}}]"}}, {"model": "admin.logentry", "pk": 473, "fields": {"action_time": "2017-03-26T10:48:34.909Z", "user": 2, "content_type": 12, "object_id": "1", "object_repr": "exam01", "action_flag": 2, "change_message": "[{\"changed\": {\"fields\": [\"title\", \"sub_title\"]}}]"}}, {"model": "admin.logentry", "pk": 474, "fields": {"action_time": "2017-03-26T10:49:17.898Z", "user": 2, "content_type": 12, "object_id": "1", "object_repr": "exam01", "action_flag": 2, "change_message": "[]"}}, {"model": "admin.logentry", "pk": 475, "fields": {"action_time": "2017-03-26T10:57:01.024Z", "user": 2, "content_type": 12, "object_id": "2", "object_repr": "exam02", "action_flag": 2, "change_message": "[{\"changed\": {\"fields\": [\"title\", \"sub_title\", \"details_text\"]}}]"}}, {"model": "admin.logentry", "pk": 476, "fields": {"action_time": "2017-03-26T10:57:16.826Z", "user": 2, "content_type": 12, "object_id": "2", "object_repr": "exam02", "action_flag": 2, "change_message": "[{\"changed\": {\"fields\": [\"details_text\"]}}]"}}, {"model": "admin.logentry", "pk": 477, "fields": {"action_time": "2017-03-26T10:58:13.732Z", "user": 2, "content_type": 12, "object_id": "1", "object_repr": "exam01", "action_flag": 2, "change_message": "[{\"changed\": {\"fields\": [\"title\"]}}]"}}, {"model": "admin.logentry", "pk": 478, "fields": {"action_time": "2017-03-26T11:04:50.745Z", "user": 2, "content_type": 24, "object_id": "1", "object_repr": "SiteConfiguration object", "action_flag": 2, "change_message": "[{\"changed\": {\"fields\": [\"training_methodology\"]}}]"}}, {"model": "admin.logentry", "pk": 479, "fields": {"action_time": "2017-03-26T11:05:04.063Z", "user": 2, "content_type": 24, "object_id": "1", "object_repr": "SiteConfiguration object", "action_flag": 2, "change_message": "[{\"changed\": {\"fields\": [\"training_methodology\"]}}]"}}, {"model": "admin.logentry", "pk": 480, "fields": {"action_time": "2017-03-27T03:54:02.518Z", "user": 2, "content_type": 7, "object_id": "3", "object_repr": "notice03", "action_flag": 2, "change_message": "[{\"changed\": {\"fields\": [\"text\"]}}]"}}, {"model": "admin.logentry", "pk": 481, "fields": {"action_time": "2017-03-27T03:54:45.458Z", "user": 2, "content_type": 7, "object_id": "3", "object_repr": "notice03", "action_flag": 2, "change_message": "[{\"changed\": {\"fields\": [\"text\"]}}]"}}, {"model": "admin.logentry", "pk": 482, "fields": {"action_time": "2017-03-27T03:56:05.421Z", "user": 2, "content_type": 7, "object_id": "3", "object_repr": "notice03", "action_flag": 2, "change_message": "[{\"changed\": {\"fields\": [\"document\"]}}]"}}, {"model": "admin.logentry", "pk": 483, "fields": {"action_time": "2017-03-27T03:56:40.090Z", "user": 2, "content_type": 7, "object_id": "3", "object_repr": "notice03", "action_flag": 2, "change_message": "[{\"changed\": {\"fields\": [\"document\"]}}]"}}, {"model": "admin.logentry", "pk": 484, "fields": {"action_time": "2017-03-27T04:19:47.294Z", "user": 2, "content_type": 7, "object_id": "2", "object_repr": "notice02", "action_flag": 2, "change_message": "[{\"changed\": {\"fields\": [\"sub_title\", \"text\"]}}]"}}, {"model": "admin.logentry", "pk": 485, "fields": {"action_time": "2017-03-27T04:28:13.419Z", "user": 2, "content_type": 7, "object_id": "2", "object_repr": "notice02", "action_flag": 2, "change_message": "[{\"changed\": {\"fields\": [\"title\", \"sub_title\", \"text\"]}}]"}}, {"model": "admin.logentry", "pk": 486, "fields": {"action_time": "2017-03-27T04:29:31.059Z", "user": 2, "content_type": 7, "object_id": "2", "object_repr": "notice02", "action_flag": 2, "change_message": "[{\"changed\": {\"fields\": [\"text\"]}}]"}}, {"model": "admin.logentry", "pk": 487, "fields": {"action_time": "2017-03-27T04:35:26.064Z", "user": 2, "content_type": 7, "object_id": "1", "object_repr": "notice_01", "action_flag": 2, "change_message": "[{\"changed\": {\"fields\": [\"title\", \"text\"]}}]"}}, {"model": "admin.logentry", "pk": 488, "fields": {"action_time": "2017-03-27T04:55:36.414Z", "user": 2, "content_type": 7, "object_id": "1", "object_repr": "notice_01", "action_flag": 2, "change_message": "[]"}}, {"model": "admin.logentry", "pk": 489, "fields": {"action_time": "2017-03-27T05:35:56.699Z", "user": 2, "content_type": 14, "object_id": "8", "object_repr": "keam2017", "action_flag": 3, "change_message": ""}}, {"model": "admin.logentry", "pk": 490, "fields": {"action_time": "2017-03-27T05:58:13.698Z", "user": 2, "content_type": 8, "object_id": "8", "object_repr": "slogan06", "action_flag": 2, "change_message": "[{\"changed\": {\"fields\": [\"title\"]}}]"}}, {"model": "admin.logentry", "pk": 491, "fields": {"action_time": "2017-03-27T05:59:03.441Z", "user": 2, "content_type": 9, "object_id": "6", "object_repr": "mock06", "action_flag": 2, "change_message": "[{\"changed\": {\"fields\": [\"text\"]}}]"}}, {"model": "admin.logentry", "pk": 492, "fields": {"action_time": "2017-03-27T05:59:50.701Z", "user": 2, "content_type": 14, "object_id": "6", "object_repr": "neet_2017", "action_flag": 2, "change_message": "[{\"changed\": {\"fields\": [\"title\"]}}]"}}, {"model": "admin.logentry", "pk": 493, "fields": {"action_time": "2017-03-27T06:00:10.508Z", "user": 2, "content_type": 14, "object_id": "6", "object_repr": "neet_2017", "action_flag": 2, "change_message": "[{\"changed\": {\"fields\": [\"title\"]}}]"}}, {"model": "admin.logentry", "pk": 494, "fields": {"action_time": "2017-03-27T06:00:35.600Z", "user": 2, "content_type": 14, "object_id": "6", "object_repr": "neet_2017", "action_flag": 2, "change_message": "[{\"changed\": {\"fields\": [\"title\"]}}]"}}, {"model": "admin.logentry", "pk": 495, "fields": {"action_time": "2017-03-27T06:05:04.844Z", "user": 2, "content_type": 7, "object_id": "1", "object_repr": "notice_01", "action_flag": 2, "change_message": "[{\"changed\": {\"fields\": [\"text\"]}}]"}}, {"model": "admin.logentry", "pk": 496, "fields": {"action_time": "2017-03-27T06:18:12.012Z", "user": 2, "content_type": 8, "object_id": "9", "object_repr": "slogan07", "action_flag": 1, "change_message": "[{\"added\": {}}]"}}, {"model": "admin.logentry", "pk": 497, "fields": {"action_time": "2017-03-27T06:19:28.017Z", "user": 2, "content_type": 8, "object_id": "9", "object_repr": "slogan07", "action_flag": 2, "change_message": "[{\"changed\": {\"fields\": [\"title\"]}}]"}}, {"model": "admin.logentry", "pk": 498, "fields": {"action_time": "2017-03-27T06:38:32.519Z", "user": 2, "content_type": 7, "object_id": "4", "object_repr": "notice04", "action_flag": 2, "change_message": "[{\"changed\": {\"fields\": [\"text\"]}}]"}}, {"model": "admin.logentry", "pk": 499, "fields": {"action_time": "2017-03-27T06:39:12.370Z", "user": 2, "content_type": 7, "object_id": "4", "object_repr": "notice04", "action_flag": 2, "change_message": "[{\"changed\": {\"fields\": [\"text\"]}}]"}}, {"model": "admin.logentry", "pk": 500, "fields": {"action_time": "2017-03-27T06:51:55.279Z", "user": 2, "content_type": 7, "object_id": "4", "object_repr": "notice04", "action_flag": 2, "change_message": "[{\"changed\": {\"fields\": [\"text\"]}}]"}}, {"model": "admin.logentry", "pk": 501, "fields": {"action_time": "2017-03-27T07:24:17.211Z", "user": 1, "content_type": 24, "object_id": "1", "object_repr": "SiteConfiguration object", "action_flag": 2, "change_message": "[{\"changed\": {\"fields\": [\"popup_enabled\", \"popup_text\"]}}]"}}, {"model": "admin.logentry", "pk": 502, "fields": {"action_time": "2017-03-27T07:24:43.720Z", "user": 1, "content_type": 24, "object_id": "1", "object_repr": "SiteConfiguration object", "action_flag": 2, "change_message": "[]"}}, {"model": "admin.logentry", "pk": 503, "fields": {"action_time": "2017-03-27T07:25:32.142Z", "user": 1, "content_type": 24, "object_id": "1", "object_repr": "SiteConfiguration object", "action_flag": 2, "change_message": "[{\"changed\": {\"fields\": [\"popup_enabled\"]}}]"}}, {"model": "admin.logentry", "pk": 504, "fields": {"action_time": "2017-03-27T07:25:40.684Z", "user": 1, "content_type": 24, "object_id": "1", "object_repr": "SiteConfiguration object", "action_flag": 2, "change_message": "[{\"changed\": {\"fields\": [\"popup_enabled\"]}}]"}}, {"model": "admin.logentry", "pk": 505, "fields": {"action_time": "2017-03-27T07:26:24.683Z", "user": 2, "content_type": 10, "object_id": "1", "object_repr": "news01", "action_flag": 2, "change_message": "[{\"changed\": {\"fields\": [\"title\", \"sub_title\", \"text\"]}}]"}}, {"model": "admin.logentry", "pk": 506, "fields": {"action_time": "2017-03-27T07:28:34.089Z", "user": 2, "content_type": 10, "object_id": "1", "object_repr": "news01", "action_flag": 2, "change_message": "[{\"changed\": {\"fields\": [\"title\", \"text\"]}}]"}}, {"model": "admin.logentry", "pk": 507, "fields": {"action_time": "2017-03-27T07:30:23.554Z", "user": 2, "content_type": 10, "object_id": "3", "object_repr": "news03", "action_flag": 2, "change_message": "[{\"changed\": {\"fields\": [\"title\", \"sub_title\", \"text\"]}}]"}}, {"model": "admin.logentry", "pk": 508, "fields": {"action_time": "2017-03-27T07:35:36.396Z", "user": 2, "content_type": 10, "object_id": "3", "object_repr": "news03", "action_flag": 2, "change_message": "[{\"changed\": {\"fields\": [\"text\"]}}]"}}, {"model": "admin.logentry", "pk": 509, "fields": {"action_time": "2017-03-27T07:45:28.206Z", "user": 2, "content_type": 14, "object_id": "6", "object_repr": "neet_2017", "action_flag": 2, "change_message": "[{\"changed\": {\"fields\": [\"title\"]}}]"}}, {"model": "admin.logentry", "pk": 510, "fields": {"action_time": "2017-03-27T07:45:28.677Z", "user": 2, "content_type": 14, "object_id": "6", "object_repr": "neet_2017", "action_flag": 2, "change_message": "[]"}}, {"model": "admin.logentry", "pk": 511, "fields": {"action_time": "2017-03-27T07:47:03.586Z", "user": 2, "content_type": 8, "object_id": "9", "object_repr": "slogan07", "action_flag": 2, "change_message": "[]"}}, {"model": "admin.logentry", "pk": 512, "fields": {"action_time": "2017-03-27T07:47:56.013Z", "user": 2, "content_type": 10, "object_id": "3", "object_repr": "news03", "action_flag": 2, "change_message": "[{\"changed\": {\"fields\": [\"text\"]}}]"}}, {"model": "admin.logentry", "pk": 513, "fields": {"action_time": "2017-03-27T07:50:04.981Z", "user": 2, "content_type": 7, "object_id": "2", "object_repr": "notice02", "action_flag": 2, "change_message": "[{\"changed\": {\"fields\": [\"text\"]}}]"}}, {"model": "admin.logentry", "pk": 514, "fields": {"action_time": "2017-03-27T08:19:22.770Z", "user": 2, "content_type": 9, "object_id": "1", "object_repr": "mock01", "action_flag": 2, "change_message": "[{\"changed\": {\"fields\": [\"text\"]}}]"}}, {"model": "admin.logentry", "pk": 515, "fields": {"action_time": "2017-03-27T08:19:49.024Z", "user": 2, "content_type": 9, "object_id": "1", "object_repr": "mock01", "action_flag": 2, "change_message": "[{\"changed\": {\"fields\": [\"title\"]}}]"}}, {"model": "admin.logentry", "pk": 516, "fields": {"action_time": "2017-03-27T08:20:12.041Z", "user": 2, "content_type": 9, "object_id": "1", "object_repr": "mock01", "action_flag": 2, "change_message": "[{\"changed\": {\"fields\": [\"sub_title\"]}}]"}}, {"model": "admin.logentry", "pk": 517, "fields": {"action_time": "2017-03-27T08:20:38.059Z", "user": 2, "content_type": 9, "object_id": "1", "object_repr": "mock01", "action_flag": 2, "change_message": "[{\"changed\": {\"fields\": [\"question_paper_url\"]}}]"}}, {"model": "admin.logentry", "pk": 518, "fields": {"action_time": "2017-03-27T08:21:13.047Z", "user": 2, "content_type": 9, "object_id": "3", "object_repr": "mock03", "action_flag": 3, "change_message": ""}}, {"model": "admin.logentry", "pk": 519, "fields": {"action_time": "2017-03-27T08:21:46.110Z", "user": 2, "content_type": 9, "object_id": "2", "object_repr": "mock02", "action_flag": 2, "change_message": "[{\"changed\": {\"fields\": [\"text\"]}}]"}}, {"model": "admin.logentry", "pk": 520, "fields": {"action_time": "2017-03-27T08:22:22.488Z", "user": 2, "content_type": 9, "object_id": "2", "object_repr": "mock02", "action_flag": 2, "change_message": "[{\"changed\": {\"fields\": [\"title\", \"sub_title\"]}}]"}}, {"model": "admin.logentry", "pk": 521, "fields": {"action_time": "2017-03-27T08:22:50.003Z", "user": 2, "content_type": 9, "object_id": "2", "object_repr": "mock02", "action_flag": 2, "change_message": "[{\"changed\": {\"fields\": [\"question_paper_url\"]}}]"}}, {"model": "admin.logentry", "pk": 522, "fields": {"action_time": "2017-03-27T08:23:00.362Z", "user": 2, "content_type": 9, "object_id": "4", "object_repr": "mock04", "action_flag": 3, "change_message": ""}}, {"model": "admin.logentry", "pk": 523, "fields": {"action_time": "2017-03-27T08:23:13.761Z", "user": 2, "content_type": 9, "object_id": "5", "object_repr": "mock03", "action_flag": 2, "change_message": "[{\"changed\": {\"fields\": [\"mock_id\"]}}]"}}, {"model": "admin.logentry", "pk": 524, "fields": {"action_time": "2017-03-27T08:23:24.667Z", "user": 2, "content_type": 9, "object_id": "6", "object_repr": "mock05", "action_flag": 2, "change_message": "[{\"changed\": {\"fields\": [\"mock_id\"]}}]"}}, {"model": "admin.logentry", "pk": 525, "fields": {"action_time": "2017-03-27T08:54:35.248Z", "user": 2, "content_type": 8, "object_id": "9", "object_repr": "slogan07", "action_flag": 2, "change_message": "[{\"changed\": {\"fields\": [\"title\"]}}]"}}, {"model": "admin.logentry", "pk": 526, "fields": {"action_time": "2017-03-27T11:07:37.934Z", "user": 2, "content_type": 24, "object_id": "1", "object_repr": "SiteConfiguration object", "action_flag": 2, "change_message": "[{\"changed\": {\"fields\": [\"popup_image\"]}}]"}}, {"model": "admin.logentry", "pk": 527, "fields": {"action_time": "2017-03-27T11:08:38.383Z", "user": 2, "content_type": 24, "object_id": "1", "object_repr": "SiteConfiguration object", "action_flag": 2, "change_message": "[{\"changed\": {\"fields\": [\"popup_text\"]}}]"}}, {"model": "admin.logentry", "pk": 528, "fields": {"action_time": "2017-03-27T11:10:04.429Z", "user": 2, "content_type": 24, "object_id": "1", "object_repr": "SiteConfiguration object", "action_flag": 2, "change_message": "[{\"changed\": {\"fields\": [\"popup_enabled\"]}}]"}}, {"model": "admin.logentry", "pk": 529, "fields": {"action_time": "2017-03-27T11:15:48.759Z", "user": 2, "content_type": 24, "object_id": "1", "object_repr": "SiteConfiguration object", "action_flag": 2, "change_message": "[{\"changed\": {\"fields\": [\"popup_enabled\"]}}]"}}, {"model": "admin.logentry", "pk": 530, "fields": {"action_time": "2017-03-27T11:18:12.192Z", "user": 2, "content_type": 24, "object_id": "1", "object_repr": "SiteConfiguration object", "action_flag": 2, "change_message": "[{\"changed\": {\"fields\": [\"popup_enabled\"]}}]"}}, {"model": "admin.logentry", "pk": 531, "fields": {"action_time": "2017-03-28T06:06:50.160Z", "user": 2, "content_type": 10, "object_id": "2", "object_repr": "news02", "action_flag": 3, "change_message": ""}}, {"model": "admin.logentry", "pk": 532, "fields": {"action_time": "2017-03-28T06:06:50.183Z", "user": 2, "content_type": 10, "object_id": "1", "object_repr": "news01", "action_flag": 3, "change_message": ""}}]